/*
* Pei 图像去雾系统数据库(MySQL8.x)
* @author earthyzinc
*/

-- ----------------------------
-- 1. 创建数据库
-- ----------------------------
CREATE DATABASE IF NOT EXISTS dehaze DEFAULT CHARACTER SET utf8mb4 DEFAULT COLLATE utf8mb4_general_ci;


-- ----------------------------
-- 2. 创建表 && 数据初始化
-- ----------------------------
use dehaze;

SET NAMES utf8mb4;
SET FOREIGN_KEY_CHECKS = 0;


-- ----------------------------
-- Table structure for sys_dept
-- ----------------------------
DROP TABLE IF EXISTS `sys_dept`;
CREATE TABLE `sys_dept`  (
                             `id` bigint NOT NULL AUTO_INCREMENT COMMENT '主键',
                             `name` varchar(64) CHARACTER SET utf8mb4 COLLATE utf8mb4_general_ci NOT NULL DEFAULT '' COMMENT '部门名称',
                             `parent_id` bigint NOT NULL DEFAULT 0 COMMENT '父节点id',
                             `tree_path` varchar(255) CHARACTER SET utf8mb4 COLLATE utf8mb4_general_ci NULL DEFAULT '' COMMENT '父节点id路径',
                             `sort` int NULL DEFAULT 0 COMMENT '显示顺序',
                             `status` tinyint NOT NULL DEFAULT 1 COMMENT '状态(1:正常;0:禁用)',
                             `deleted` tinyint NULL DEFAULT 0 COMMENT '逻辑删除标识(1:已删除;0:未删除)',
                             `create_time` datetime NULL DEFAULT NULL COMMENT '创建时间',
                             `update_time` datetime NULL DEFAULT NULL COMMENT '更新时间',
                             `create_by` bigint NULL DEFAULT NULL COMMENT '创建人ID',
                             `update_by` bigint NULL DEFAULT NULL COMMENT '修改人ID',
                             PRIMARY KEY (`id`) USING BTREE
) ENGINE = InnoDB AUTO_INCREMENT = 171 CHARACTER SET = utf8mb4 COLLATE = utf8mb4_general_ci COMMENT = '部门表' ROW_FORMAT = DYNAMIC;

-- ----------------------------
-- Records of sys_dept
-- ----------------------------
insert into sys_dept (id, name, parent_id, tree_path, sort, status, deleted, create_time, update_time, create_by,
                      update_by)
values (1, '重庆邮电大学', 0, '0', 1, 1, 0, null, '2024-11-13 14:39:21', 1, 2),
       (2, '软件工程学院', 1, '0,1', 1, 1, 0, null, '2024-11-13 14:39:32', 2, 2),
       (3, '计算机学院', 1, '0,1', 1, 1, 0, null, '2024-11-13 14:39:42', 2, 2);

-- ----------------------------
-- Table structure for sys_dict
-- ----------------------------
DROP TABLE IF EXISTS `sys_dict`;
CREATE TABLE `sys_dict`  (
                             `id` bigint NOT NULL AUTO_INCREMENT COMMENT '主键',
                             `type_code` varchar(64) CHARACTER SET utf8mb4 COLLATE utf8mb4_general_ci NULL DEFAULT NULL COMMENT '字典类型编码',
                             `name` varchar(50) CHARACTER SET utf8mb4 COLLATE utf8mb4_general_ci NULL DEFAULT '' COMMENT '字典项名称',
                             `value` varchar(50) CHARACTER SET utf8mb4 COLLATE utf8mb4_general_ci NULL DEFAULT '' COMMENT '字典项值',
                             `sort` int NULL DEFAULT 0 COMMENT '排序',
                             `status` tinyint NULL DEFAULT 0 COMMENT '状态(1:正常;0:禁用)',
                             `defaulted` tinyint NULL DEFAULT 0 COMMENT '是否默认(1:是;0:否)',
                             `remark` varchar(255) CHARACTER SET utf8mb4 COLLATE utf8mb4_general_ci NULL DEFAULT '' COMMENT '备注',
                             `create_time` datetime NULL DEFAULT NULL COMMENT '创建时间',
                             `update_time` datetime NULL DEFAULT NULL COMMENT '更新时间',
                             PRIMARY KEY (`id`) USING BTREE
) ENGINE = InnoDB AUTO_INCREMENT = 69 CHARACTER SET = utf8mb4 COLLATE = utf8mb4_general_ci COMMENT = '字典数据表' ROW_FORMAT = DYNAMIC;

-- ----------------------------
-- Records of sys_dict
-- ----------------------------
insert into sys_dict (id, type_code, name, value, sort, status, defaulted, remark, create_time, update_time)
values (1, 'gender', '男', '1', 1, 1, 0, null, '2019-05-05 13:07:52', '2022-06-12 23:20:39'),
       (2, 'gender', '女', '2', 2, 1, 0, null, '2019-04-19 11:33:00', '2019-07-02 14:23:05'),
       (3, 'gender', '未知', '0', 1, 1, 0, null, '2020-10-17 08:09:31', '2020-10-17 08:09:31');

-- ----------------------------
-- Table structure for sys_dict_type
-- ----------------------------
DROP TABLE IF EXISTS `sys_dict_type`;
CREATE TABLE `sys_dict_type`  (
                                  `id` bigint NOT NULL AUTO_INCREMENT COMMENT '主键 ',
                                  `name` varchar(50) CHARACTER SET utf8mb4 COLLATE utf8mb4_general_ci NULL DEFAULT '' COMMENT '类型名称',
                                  `code` varchar(50) CHARACTER SET utf8mb4 COLLATE utf8mb4_general_ci NULL DEFAULT '' COMMENT '类型编码',
                                  `status` tinyint(1) NULL DEFAULT 0 COMMENT '状态(0:正常;1:禁用)',
                                  `remark` varchar(255) CHARACTER SET utf8mb4 COLLATE utf8mb4_general_ci NULL DEFAULT NULL COMMENT '备注',
                                  `create_time` datetime NULL DEFAULT NULL COMMENT '创建时间',
                                  `update_time` datetime NULL DEFAULT NULL COMMENT '更新时间',
                                  PRIMARY KEY (`id`) USING BTREE,
                                  UNIQUE INDEX `type_code`(`code` ASC) USING BTREE
) ENGINE = InnoDB AUTO_INCREMENT = 89 CHARACTER SET = utf8mb4 COLLATE = utf8mb4_general_ci COMMENT = '字典类型表' ROW_FORMAT = DYNAMIC;

-- ----------------------------
-- Records of sys_dict_type
-- ----------------------------
INSERT INTO `sys_dict_type` VALUES (1, '性别', 'gender', 1, NULL, '2019-12-06 19:03:32', '2022-06-12 16:21:28');

-- ----------------------------
-- Table structure for sys_menu
-- ----------------------------
DROP TABLE IF EXISTS `sys_menu`;
CREATE TABLE `sys_menu` (
                            `id` bigint NOT NULL AUTO_INCREMENT,
                            `parent_id` bigint NOT NULL COMMENT '父菜单ID',
                            `tree_path` varchar(255) CHARACTER SET utf8mb4 COLLATE utf8mb4_general_ci DEFAULT NULL COMMENT '父节点ID路径',
                            `name` varchar(64) CHARACTER SET utf8mb4 COLLATE utf8mb4_general_ci NOT NULL DEFAULT '' COMMENT '菜单名称',
                            `type` tinyint NOT NULL COMMENT '菜单类型(1:菜单 2:目录 3:外链 4:按钮)',
                            `path` varchar(128) CHARACTER SET utf8mb4 COLLATE utf8mb4_general_ci DEFAULT '' COMMENT '路由路径(浏览器地址栏路径)',
                            `component` varchar(128) CHARACTER SET utf8mb4 COLLATE utf8mb4_general_ci DEFAULT NULL COMMENT '组件路径(vue页面完整路径，省略.vue后缀)',
                            `perm` varchar(128) CHARACTER SET utf8mb4 COLLATE utf8mb4_general_ci DEFAULT NULL COMMENT '权限标识',
                            `visible` tinyint(1) NOT NULL DEFAULT '1' COMMENT '显示状态(1-显示;0-隐藏)',
                            `sort` int DEFAULT '0' COMMENT '排序',
                            `icon` varchar(64) CHARACTER SET utf8mb4 COLLATE utf8mb4_general_ci DEFAULT '' COMMENT '菜单图标',
                            `redirect` varchar(128) CHARACTER SET utf8mb4 COLLATE utf8mb4_general_ci DEFAULT NULL COMMENT '跳转路径',
                            `create_time` datetime DEFAULT NULL COMMENT '创建时间',
                            `update_time` datetime DEFAULT NULL COMMENT '更新时间',
                            `always_show` tinyint DEFAULT NULL COMMENT '【目录】只有一个子路由是否始终显示(1:是 0:否)',
                            `keep_alive` tinyint DEFAULT NULL COMMENT '【菜单】是否开启页面缓存(1:是 0:否)',
                            PRIMARY KEY (`id`) USING BTREE
) ENGINE=InnoDB AUTO_INCREMENT=103 DEFAULT CHARSET=utf8mb4 COLLATE=utf8mb4_general_ci ROW_FORMAT=DYNAMIC COMMENT='菜单管理';

-- ----------------------------
-- Records of sys_menu
-- ----------------------------

-- ----------------------------
-- Records of sys_menu
-- ----------------------------
insert into sys_menu (id, parent_id, tree_path, name, type, path, component, perm, visible, sort, icon, redirect,
                      create_time, update_time, always_show, keep_alive)
values (1, 0, '0', '系统管理', 2, '/system', 'Layout', null, 1, 1, 'system', '/system/user', '2021-08-28 09:12:21',
        '2021-08-28 09:12:21', null, null),
       (2, 1, '0,1', '用户管理', 1, 'user', 'system/user/index', null, 1, 1, 'user', null, '2021-08-28 09:12:21',
        '2021-08-28 09:12:21', null, 1),
       (3, 1, '0,1', '角色管理', 1, 'role', 'system/role/index', null, 1, 2, 'role', null, '2021-08-28 09:12:21',
        '2021-08-28 09:12:21', null, 1),
       (4, 1, '0,1', '菜单管理', 1, 'menu', 'system/menu/index', null, 1, 3, 'menu', null, '2021-08-28 09:12:21',
        '2021-08-28 09:12:21', null, 1),
       (5, 1, '0,1', '部门管理', 1, 'dept', 'system/dept/index', null, 1, 4, 'tree', null, '2021-08-28 09:12:21',
        '2021-08-28 09:12:21', null, 1),
       (6, 1, '0,1', '字典管理', 1, 'dict', 'system/dict/index', null, 1, 5, 'dict', null, '2021-08-28 09:12:21',
        '2021-08-28 09:12:21', null, 1),
       (31, 2, '0,1,2', '用户新增', 4, '', null, 'sys:user:add', 1, 1, '', '', '2022-10-23 11:04:08',
        '2022-10-23 11:04:11', null, null),
       (32, 2, '0,1,2', '用户编辑', 4, '', null, 'sys:user:edit', 1, 2, '', '', '2022-10-23 11:04:08',
        '2022-10-23 11:04:11', null, null),
       (33, 2, '0,1,2', '用户删除', 4, '', null, 'sys:user:delete', 1, 3, '', '', '2022-10-23 11:04:08',
        '2022-10-23 11:04:11', null, null),
       (70, 3, '0,1,3', '角色新增', 4, '', null, 'sys:role:add', 1, 1, '', null, '2023-05-20 23:39:09',
        '2023-05-20 23:39:09', null, null),
       (71, 3, '0,1,3', '角色编辑', 4, '', null, 'sys:role:edit', 1, 2, '', null, '2023-05-20 23:40:31',
        '2023-05-20 23:40:31', null, null),
       (72, 3, '0,1,3', '角色删除', 4, '', null, 'sys:role:delete', 1, 3, '', null, '2023-05-20 23:41:08',
        '2023-05-20 23:41:08', null, null),
       (73, 4, '0,1,4', '菜单新增', 4, '', null, 'sys:menu:add', 1, 1, '', null, '2023-05-20 23:41:35',
        '2023-05-20 23:41:35', null, null),
       (74, 4, '0,1,4', '菜单编辑', 4, '', null, 'sys:menu:edit', 1, 3, '', null, '2023-05-20 23:41:58',
        '2023-05-20 23:41:58', null, null),
       (75, 4, '0,1,4', '菜单删除', 4, '', null, 'sys:menu:delete', 1, 3, '', null, '2023-05-20 23:44:18',
        '2023-05-20 23:44:18', null, null),
       (76, 5, '0,1,5', '部门新增', 4, '', null, 'sys:dept:add', 1, 1, '', null, '2023-05-20 23:45:00',
        '2023-05-20 23:45:00', null, null),
       (77, 5, '0,1,5', '部门编辑', 4, '', null, 'sys:dept:edit', 1, 2, '', null, '2023-05-20 23:46:16',
        '2023-05-20 23:46:16', null, null),
       (78, 5, '0,1,5', '部门删除', 4, '', null, 'sys:dept:delete', 1, 3, '', null, '2023-05-20 23:46:36',
        '2023-05-20 23:46:36', null, null),
       (79, 6, '0,1,6', '字典类型新增', 4, '', null, 'sys:dict_type:add', 1, 1, '', null, '2023-05-21 00:16:06',
        '2023-05-21 00:16:06', null, null),
       (81, 6, '0,1,6', '字典类型编辑', 4, '', null, 'sys:dict_type:edit', 1, 2, '', null, '2023-05-21 00:27:37',
        '2023-05-21 00:27:37', null, null),
       (84, 6, '0,1,6', '字典类型删除', 4, '', null, 'sys:dict_type:delete', 1, 3, '', null, '2023-05-21 00:29:39',
        '2023-05-21 00:29:39', null, null),
       (85, 6, '0,1,6', '字典数据新增', 4, '', null, 'sys:dict:add', 1, 4, '', null, '2023-05-21 00:46:56',
        '2023-05-21 00:47:06', null, null),
       (86, 6, '0,1,6', '字典数据编辑', 4, '', null, 'sys:dict:edit', 1, 5, '', null, '2023-05-21 00:47:36',
        '2023-05-21 00:47:36', null, null),
       (87, 6, '0,1,6', '字典数据删除', 4, '', null, 'sys:dict:delete', 1, 6, '', null, '2023-05-21 00:48:10',
        '2023-05-21 00:48:20', null, null),
       (88, 2, '0,1,2', '重置密码', 4, '', null, 'sys:user:password:reset', 1, 4, '', null, '2023-05-21 00:49:18',
        '2024-04-28 00:38:22', null, null),
       (105, 2, '0,1,2', '用户查询', 4, '', null, 'sys:user:query', 1, 0, '', null, '2024-04-28 00:37:34',
        '2024-04-28 00:37:34', 0, 0),
       (106, 2, '0,1,2', '用户导入', 4, '', null, 'sys:user:import', 1, 5, '', null, '2024-04-28 00:39:15',
        '2024-04-28 00:39:15', null, null),
       (107, 2, '0,1,2', '用户导出', 4, '', null, 'sys:user:export', 1, 6, '', null, '2024-04-28 00:39:43',
        '2024-04-28 00:39:43', null, null);

-- --------------------
-- Table structure for sys_role
-- ----------------------------
DROP TABLE IF EXISTS `sys_role`;
CREATE TABLE `sys_role`  (
                             `id` bigint NOT NULL AUTO_INCREMENT,
                             `name` varchar(64) CHARACTER SET utf8mb4 COLLATE utf8mb4_general_ci NOT NULL DEFAULT '' COMMENT '角色名称',
                             `code` varchar(32) CHARACTER SET utf8mb4 COLLATE utf8mb4_general_ci NULL DEFAULT NULL COMMENT '角色编码',
                             `sort` int NULL DEFAULT NULL COMMENT '显示顺序',
                             `status` tinyint(1) NULL DEFAULT 1 COMMENT '角色状态(1-正常；0-停用)',
                             `data_scope` tinyint NULL DEFAULT NULL COMMENT '数据权限(0-所有数据；1-部门及子部门数据；2-本部门数据；3-本人数据)',
                             `deleted` tinyint(1) NOT NULL DEFAULT 0 COMMENT '逻辑删除标识(0-未删除；1-已删除)',
                             `create_time` datetime NULL DEFAULT NULL COMMENT '更新时间',
                             `update_time` datetime NULL DEFAULT NULL COMMENT '创建时间',
                             PRIMARY KEY (`id`) USING BTREE,
                             UNIQUE INDEX `name`(`name` ASC) USING BTREE
) ENGINE = InnoDB AUTO_INCREMENT = 128 CHARACTER SET = utf8mb4 COLLATE = utf8mb4_general_ci COMMENT = '角色表' ROW_FORMAT = DYNAMIC;

-- ----------------------------
-- Records of sys_role
-- ----------------------------
insert into sys_role (id, name, code, sort, status, data_scope, deleted, create_time, update_time)
values (1, '超级管理员', 'ROOT', 1, 1, 0, 0, '2021-05-21 14:56:51', '2018-12-23 16:00:00'),
       (2, '系统管理员', 'ADMIN', 2, 1, 1, 0, '2021-03-25 12:39:54', null),
       (3, '访问游客', 'GUEST', 3, 1, 2, 0, '2021-05-26 15:49:05', '2019-05-05 16:00:00'),
       (4, '系统管理员1', 'ADMIN1', 2, 1, 1, 1, '2021-03-25 12:39:54', '2024-11-13 14:40:28'),
       (5, '系统管理员2', 'ADMIN1', 2, 1, 1, 1, '2021-03-25 12:39:54', '2024-11-13 14:40:36'),
       (6, '系统管理员3', 'ADMIN1', 2, 1, 1, 1, '2021-03-25 12:39:54', '2024-11-13 14:40:36'),
       (7, '系统管理员4', 'ADMIN1', 2, 1, 1, 1, '2021-03-25 12:39:54', '2024-11-13 14:40:36'),
       (8, '系统管理员5', 'ADMIN1', 2, 1, 1, 1, '2021-03-25 12:39:54', '2024-11-13 14:40:36'),
       (9, '系统管理员6', 'ADMIN1', 2, 1, 1, 1, '2021-03-25 12:39:54', '2024-11-13 14:40:36'),
       (10, '系统管理员7', 'ADMIN1', 2, 1, 1, 1, '2021-03-25 12:39:54', '2024-11-13 14:40:36'),
       (11, '系统管理员8', 'ADMIN1', 2, 1, 1, 1, '2021-03-25 12:39:54', '2024-11-13 14:40:36'),
       (12, '系统管理员9', 'ADMIN1', 2, 1, 1, 1, '2021-03-25 12:39:54', '2024-11-13 14:40:36');

-- ----------------------------
-- Table structure for sys_role_menu
-- ----------------------------
DROP TABLE IF EXISTS `sys_role_menu`;
CREATE TABLE `sys_role_menu`  (
                                  `role_id` bigint NOT NULL COMMENT '角色ID',
                                  `menu_id` bigint NOT NULL COMMENT '菜单ID'
) ENGINE = InnoDB CHARACTER SET = utf8mb4 COLLATE = utf8mb4_general_ci COMMENT = '角色和菜单关联表' ROW_FORMAT = DYNAMIC;

-- ----------------------------
-- Records of sys_role_menu
-- ----------------------------
insert into dehaze.sys_role_menu (role_id, menu_id)
values (9, 1),
       (9, 3),
       (9, 70),
       (9, 72),
       (3, 1),
       (3, 2),
       (3, 31),
       (3, 32),
       (3, 33),
       (3, 88),
       (3, 3),
       (3, 70),
       (3, 71),
       (3, 72),
       (2, 1),
       (2, 2),
       (2, 105),
       (2, 31),
       (2, 32),
       (2, 33),
       (2, 88),
       (2, 106),
       (2, 107),
       (2, 3),
       (2, 70),
       (2, 71),
       (2, 72),
       (2, 4),
       (2, 73),
       (2, 75),
       (2, 74),
       (2, 5),
       (2, 76),
       (2, 77),
       (2, 78),
       (2, 6),
       (2, 79),
       (2, 81),
       (2, 84),
       (2, 85),
       (2, 86),
       (2, 87),
       (2, 40),
       (2, 41),
       (2, 26),
       (2, 102),
       (2, 30),
       (2, 20),
       (2, 21),
       (2, 22),
       (2, 23),
       (2, 24),
       (2, 36),
       (2, 37),
       (2, 38),
       (2, 39),
       (2, 95),
       (2, 89),
       (2, 97),
       (2, 90),
       (2, 91);

-- ----------------------------
-- Table structure for sys_user
-- ----------------------------
DROP TABLE IF EXISTS `sys_user`;
CREATE TABLE `sys_user`  (
                             `id` int NOT NULL AUTO_INCREMENT,
                             `username` varchar(64) CHARACTER SET utf8mb4 COLLATE utf8mb4_general_ci NULL DEFAULT NULL COMMENT '用户名',
                             `nickname` varchar(64) CHARACTER SET utf8mb4 COLLATE utf8mb4_general_ci NULL DEFAULT NULL COMMENT '昵称',
                             `gender` tinyint(1) NULL DEFAULT 1 COMMENT '性别((1:男;2:女))',
                             `password` varchar(100) CHARACTER SET utf8mb4 COLLATE utf8mb4_general_ci NULL DEFAULT NULL COMMENT '密码',
                             `dept_id` int NULL DEFAULT NULL COMMENT '部门ID',
                             `avatar` TEXT CHARACTER SET utf8mb4 COLLATE utf8mb4_general_ci NULL COMMENT '用户头像',
                             `mobile` varchar(20) CHARACTER SET utf8mb4 COLLATE utf8mb4_general_ci NULL DEFAULT NULL COMMENT '联系方式',
                             `status` tinyint(1) NULL DEFAULT 1 COMMENT '用户状态((1:正常;0:禁用))',
                             `email` varchar(128) CHARACTER SET utf8mb4 COLLATE utf8mb4_general_ci NULL DEFAULT NULL COMMENT '用户邮箱',
                             `deleted` tinyint(1) NULL DEFAULT 0 COMMENT '逻辑删除标识(0:未删除;1:已删除)',
                             `create_time` datetime NULL DEFAULT NULL COMMENT '创建时间',
                             `update_time` datetime NULL DEFAULT NULL COMMENT '更新时间',
                             PRIMARY KEY (`id`) USING BTREE,
                             UNIQUE INDEX `login_name`(`username` ASC) USING BTREE
) ENGINE = InnoDB AUTO_INCREMENT = 288 CHARACTER SET = utf8mb4 COLLATE = utf8mb4_general_ci COMMENT = '用户信息表' ROW_FORMAT = DYNAMIC;

-- ----------------------------
-- Records of sys_user
-- ----------------------------
insert into dehaze.sys_user (id, username, nickname, gender, password, dept_id, avatar, mobile, status, email, deleted,
                             create_time, update_time)
values (1, 'root', '有来技术', 0, '$2a$10$xVWsNOhHrCxh5UbpCE7/HuJ.PAOKcYAqRxD2CO2nVnJS.IAXkr5aq', null,
        '', '17621590365', 1,
        'youlaitech@163.com', 0, null, null),
       (2, 'admin', '武沛鑫', 1, '$2a$10$xVWsNOhHrCxh5UbpCE7/HuJ.PAOKcYAqRxD2CO2nVnJS.IAXkr5aq', 1,
        'data:image/jpeg;base64,/9j/4AAQSkZJRgABAQEAAAAAAAD/4QAuRXhpZgAATU0AKgAAAAgAAkAAAAMAAAABAAAAAEABAAEAAAABAAAAAAAAAAD/2wBDAAoHBwkHBgoJCAkLCwoMDxkQDw4ODx4WFxIZJCAmJSMgIyIoLTkwKCo2KyIjMkQyNjs9QEBAJjBGS0U+Sjk/QD3/2wBDAQsLCw8NDx0QEB09KSMpPT09PT09PT09PT09PT09PT09PT09PT09PT09PT09PT09PT09PT09PT09PT09PT09PT3/wAARCABkAGQDASIAAhEBAxEB/8QAHwAAAQUBAQEBAQEAAAAAAAAAAAECAwQFBgcICQoL/8QAtRAAAgEDAwIEAwUFBAQAAAF9AQIDAAQRBRIhMUEGE1FhByJxFDKBkaEII0KxwRVS0fAkM2JyggkKFhcYGRolJicoKSo0NTY3ODk6Q0RFRkdISUpTVFVWV1hZWmNkZWZnaGlqc3R1dnd4eXqDhIWGh4iJipKTlJWWl5iZmqKjpKWmp6ipqrKztLW2t7i5usLDxMXGx8jJytLT1NXW19jZ2uHi4+Tl5ufo6erx8vP09fb3+Pn6/8QAHwEAAwEBAQEBAQEBAQAAAAAAAAECAwQFBgcICQoL/8QAtREAAgECBAQDBAcFBAQAAQJ3AAECAxEEBSExBhJBUQdhcRMiMoEIFEKRobHBCSMzUvAVYnLRChYkNOEl8RcYGRomJygpKjU2Nzg5OkNERUZHSElKU1RVVldYWVpjZGVmZ2hpanN0dXZ3eHl6goOEhYaHiImKkpOUlZaXmJmaoqOkpaanqKmqsrO0tba3uLm6wsPExcbHyMnK0tPU1dbX2Nna4uPk5ebn6Onq8vP09fb3+Pn6/9oADAMBAAIRAxEAPwCxD4Xs4yCxkcjtnGa0obKCEAInPuSasVDeXC2dtJKwztHA9T2FDk92xRjd2Rm6vMhlW2THynzJGznb6U7SodkbTkHMvI9gKz4onuZxG53SSnfKw7D0/pW6AAoAwABgCuKD55Ob22R6KiqcVFb9Re1J7UtFakB+FFFB6UAFY13F9mvyAP3dxlhnsw5I/Hg/nWkb60jcq1zAr/3TIoP86h1GL7ZZFrdlaRGEkZByCw7Z9xkfjWdWHPFoum2mUAWhuYrlBueIk7R/EpGGH1xyPcV0EM0dzCssLBo2+YEf5/SuejkWWMSL91hkZqexkaG9EQcrFcE5A7OBwR6ZAP5CufC1nF+zYYmjzLmW6N75v8iiovs69yxPqWNFemeeSce1ZGsS75oYB91QZG/pWo8Z6qxRvzB/CsHUSwurjdt3kBRj8q58Q2oaddDbDJOav0J9ODiMyIoMsxzuPRV7Z/wqZ7GeTltQuVJ7RhEA/Q/zqzDH5UMaAfdUCnmRU+8yr9TRGKUUkdUm27meljqEM0bJqbSRBvnSaJWJHswxzWiCOlV7m9gt4y7zRLt5wXC5qaNxIgdSCrAEEdxVEt3HVSvtJh1GRWuXnaNVx5IlKo3uQOtXfrVa8uWtnVvJmkTH/LNd3PvyMUAnbUdFp9pCgSG1gRB2Ea/4UptkHzQgROOjIMD8R0NZMvim3t544poZ1d2KqpTO4/gTVqHxBp8zhDKUkborqw/mOaHFrdCU03oyvcQm1vCuAI58uuOgbuv49fzqOYsIi6Z8xCHX6qc/0rYurZby2MbMV6MrDqrDoRWPG7ESLMoEkTFXA6ZHp7EYP4159em4TU0dMHzRszo45d8SOhG1lDD8RRVbQ5PN0Oyfd1iX+VFekpHA4Fvr1rn75y/iSOIdCoJ/DmtsvJFGXcx4QFieRWDag3GqxXMn+sbe2PQdh+VRWa0T6seGi7t9ka1zDJMgVLiSH1KAZP4kHFY994aa/wAhr6dVLA5Lsxx6dQP0reoqk2tjVxT3M+z0Szs8MsSvIOjOAdp9hjitAelHeo5ZWjO0RPIe+zHH5mhtvcaSSsiTOaKT5tnA59DTITKUPnoqyBiPkOQR2NIBzxRyfejVj6kA0JGiD5VVfoMU6jNAgrG1GNhfzBeDLEjfjkqf0xWzWPq7ql4Ds3P5B2tnG3DE5/SsqkOeLSNIOzLOmTeRYJEifIhZV+gY0Vc0WIPpMD4Pzgv+ZJ/rRQk7GbkrlXWLjOLNDyxDSY7L6fjVS14v4j6qwqKNCinP3mOSfWnxnZdQN/tY/OuR1vaVl2N4U+SFuptUUnNHWvQMRagur2GzAMz4LfdUDJP0FNv71bKHIw0rcKp7+59q5d7hppGkAaV2PzOTgH6e304oOqhh3U1eiOifWbaMAhmbd1AH3frVuG5juU3QuGHt1H1rkd8x/wCWaj6t/wDWp0VzPbOJApBHdDn8x3oN54RW0ep2GKKpadqcV8gAZVlH3lz+oq7Qee4tOzDH5Vl3QEmshXUtH9mK/id39Aa08VRvNqSXMpUF0ttyn0+8KQLcv6WR/ZVp5bfJ5KY/75FFYdnrp0qzis2hDmIbd3t2/IYH4UUvbIz9k+wvWmucGNv7rA06myAlCq9f8K8ikm5pLe53TaUW3sbgNGc0y3kEsEbg5ytP69K9k5TJv9FkupmlE5bd1V+mPT6VANFusdYuOnJreooNo4icFZMwk0S5P3miX8SasxaDEB++ld29FO0VqUUBLEVGtyvbWFtZktDEquerYyT+NWMUUc0GLberDnvWPfFpdQmQPiMIiMoH3urYz+IrXJAGScDuTWGkhleScjCzuWX6dB+gFY11LkbiOEkpJPqOKI5yygk98UUUV5N5dzssgp0aMX3AcKOauppmfvSn8BUyWcds4xltwwxJr18NgZwmpStoeXiMZCUHGPUpaVL5Rkt2PAYlfpWkOBVSWxCOXUnnp7GpIZmJ8uRTu/vDvXTUg0x0ailFa6k5+9S59ail80ENGFYD+E96hF6o4mikU/TIrM2sWvSlqAX0H/PQD6g0G9g/56rQGpPRVf7Yh4RXf6CnySsEAVMyN91T0HuaA1KmsSN9imiiYhinzMP4QeMfUk/zqtKNkYVV4UjgdgKs3sP+hiJSZJWlRmPdsMCfw4qf7L5dnMz4MjIc+3tW8KfNBrucWIqWnG3QzaKma2mUkFeaK8d4Sr/Kz0vrNPujaqOb/VmiivpD54eOUH0qtOAhyvB9qKKzqbGlLcWJ2PBPFPNFFcMtz1o7IBGhxlF/KkMaL0RfyoopFCSEog28VEpMg+Yk/jRRWlM565ajjRPuqBUdz/x7N7gfzFFFdx5nUmNFFFMD/9k=',
        '18537958917', 1,
        'w1066365803@163.com', 0, '2019-10-10 13:41:22', '2024-11-13 14:40:05'),
       (3, 'test', '测试小用户', 1, '$2a$10$xVWsNOhHrCxh5UbpCE7/HuJ.PAOKcYAqRxD2CO2nVnJS.IAXkr5aq', 3,
        '', '17621210366', 1,
        'youlaitech@163.com', 0, '2021-06-05 01:31:29', '2021-06-05 01:31:29'),
       (287, '123', '123', 1, '$2a$10$mVoBVqm1837huf7kcN0wS.GVYKEFv0arb7GvzfFXoTyqDlcRzT.6i', 1, '', null, 1, null, 1,
        '2023-05-21 14:11:19', '2023-05-21 14:11:25');

-- ----------------------------
-- Table structure for sys_user_role
-- ----------------------------
DROP TABLE IF EXISTS `sys_user_role`;
CREATE TABLE `sys_user_role`  (
                                  `user_id` bigint NOT NULL COMMENT '用户ID',
                                  `role_id` bigint NOT NULL COMMENT '角色ID',
                                  PRIMARY KEY (`user_id`, `role_id`) USING BTREE
) ENGINE = InnoDB CHARACTER SET = utf8mb4 COLLATE = utf8mb4_general_ci COMMENT = '用户和角色关联表' ROW_FORMAT = DYNAMIC;

-- ----------------------------
-- Records of sys_user_role
-- ----------------------------
insert into dehaze.sys_user_role (user_id, role_id)
values (1, 1),
       (2, 2),
       (3, 3),
       (287, 2);

DROP TABLE IF EXISTS `sys_dataset`;
CREATE TABLE `sys_dataset`  (
                                `id`          bigint                                                         NOT NULL AUTO_INCREMENT COMMENT '数据集ID',
                                `parent_id`   bigint                                                         NOT NULL DEFAULT 0 COMMENT '父数据集ID',
                                `type`        varchar(64) CHARACTER SET utf8mb4 COLLATE utf8mb4_general_ci   NOT NULL DEFAULT '' COMMENT '数据集类型',
                                `name`        varchar(64) CHARACTER SET utf8mb4 COLLATE utf8mb4_general_ci   NOT NULL DEFAULT '' COMMENT '数据集名称',
                                `description` varchar(2048) CHARACTER SET utf8mb4 COLLATE utf8mb4_general_ci NULL     DEFAULT '' COMMENT '数据集描述',
                                `path`        varchar(512) CHARACTER SET utf8mb4 COLLATE utf8mb4_general_ci  NOT NULL DEFAULT '' COMMENT '存储位置',
                                `size` varchar(100) CHARACTER SET utf8mb4 COLLATE utf8mb4_general_ci NULL DEFAULT '' COMMENT '占用空间大小',
                                `total`       int                                                            NULL     DEFAULT 0 COMMENT '数据项数量（简单理解为图片数量）',
                                `status`      tinyint                                                        NOT NULL DEFAULT 1 COMMENT '状态(1:启用；0:禁用)',
                                `deleted`     tinyint                                                        NULL     DEFAULT 0 COMMENT '逻辑删除标识(1:已删除;0:未删除)',
                                `create_time` datetime                                                       NULL     DEFAULT NULL COMMENT '创建时间',
                                `update_time` datetime                                                       NULL     DEFAULT NULL COMMENT '更新时间',
                                `create_by`   bigint                                                         NULL     DEFAULT NULL COMMENT '创建人ID',
                                `update_by`   bigint                                                         NULL     DEFAULT NULL COMMENT '修改人ID',
                                PRIMARY KEY (`id`) USING BTREE
) ENGINE = InnoDB AUTO_INCREMENT = 1 CHARACTER SET = utf8mb4 COLLATE = utf8mb4_general_ci COMMENT = '数据集表' ROW_FORMAT = DYNAMIC;

insert into sys_dataset (id, parent_id, type, name, description, path, size, total, status, deleted, create_time,
                         update_time, create_by, update_by)
values (1, 0, '图像去雾', 'DENSE-HAZE',
        'DENSE-HAZE 引入了一种新的去雾数据集，以浓密均匀的雾霾场景为特征。该数据集包含 55对真实的浓雾图像和各种室外场景的相应无雾图像。这些朦胧图像是通过专业雾霾机器生成的真实雾霾记录的。生成的浓雾图像几乎难以辨别图像中原来存在的物体，与常规数据集相比去雾难度非常大。',
        'Dense-Haze', '234.74 MB', 110, 1, 0, '2024-11-11 19:29:49', '2024-11-11 19:29:49',
        2, 2),
       (2, 0, '图像去雾', 'O-HAZE',
        'O-haze 数据集是由CVLab实验室在2016年发布的，主要用于评估和测试图像去雾算法的性能。该数据集包含了合成的有雾图像和相应的清晰图像对，这些图像都是基于真实的户外场景生成的。包含45对户外场景的有雾和清晰图像',
        'O-HAZE', '547.85 MB', 90, 1, 0, '2024-11-11 19:36:32', '2024-11-11 19:36:32', 2, 2),
       (3, 0, '图像去雾', 'I-HAZE',
        'I-haze 数据集也是由CVLab实验室在2016年发布的，与O-haze数据集类似，它主要用于评估和测试图像去雾算法的性能。不过，I-haze数据集的特点在于其图像更接近实际的室内场景。包含35对有雾和相应的无雾室内图像。',
        'I-HAZE', '312.99 MB', 60, 1, 0, '2024-11-11 19:37:12', '2024-11-11 19:37:12', 2, 2),
       (4, 0, '图像去雾', 'NH-HAZE',
        'NH-HAZE数据集旨在解决图像去雾领域中的一个重要问题：缺乏真实世界的非均匀雾度图像作为参考数据。许多现实场景中的雾并不均匀分布，因此 NH-HAZE 提供了一组真实的非均匀雾图像和相应的无雾图像对。NH-HAZE 数据集中的非均匀雾度是通过专业的雾发生器模拟真实雾天条件而引入的。是一个更具挑战性和现实性的去雾数据集。',
        'NTIRE', '1.06 GB', 241, 1, 0, '2024-11-11 19:39:24', '2024-11-11 19:39:24', 2, 2),
       (5, 4, '图像去雾', 'NH-HAZE-20', 'NH-HAZE-20', 'NH-HAZE-2020', '316.96 MB', 110, 1, 0,
        '2024-11-11 19:39:51', '2024-11-11 19:39:51', 2, 2),
       (6, 4, '图像去雾', 'NH-HAZE-21', 'NH-HAZE-21', 'NH-HAZE-2021', '151.36 MB', 50, 1, 0,
        '2024-11-11 19:40:08', '2024-11-11 19:40:08', 2, 2),
       (7, 4, '图像去雾', 'NH-HAZE-23', 'NH-HAZE-23', 'NH-HAZE-2023', '618.19 MB', 80, 1, 0,
        '2024-11-11 19:40:19', '2024-11-11 19:40:19', 2, 2),
       (8, 0, '图像去雾', 'RESIDE',
        'RESIDE（Realistic Synthetic and Indoor-Outdoor DEhazing）数据集是由北京大学和微软亚洲研究院在2017年联合发布的，旨在为图像去雾研究提供一个大规模、多样化的基准数据集。RESIDE 数据集不仅包含合成的有雾图像和对应的清晰图像，还包含了一些真实世界中的有雾图像，使其成为图像去雾领域最全面的数据集之一。',
        'RESIDE', '19.01 GB', 117915, 1, 0, '2024-11-11 19:41:55', '2024-11-11 19:41:55', 2,
        2),
       (9, 8, '图像去雾', 'ITS', 'ITS', 'RESIDE/ITS', '4.74 GB', 29379, 1, 0,
        '2024-11-11 19:42:34', '2024-11-11 19:42:34', 2, 2),
       (10, 8, '图像去雾', 'OTS', 'OTS', 'RESIDE/OTS', '12.86 GB', 78318, 1, 0,
        '2024-11-11 19:42:54', '2024-11-11 19:42:54', 2, 2),
       (11, 8, '图像去雾', 'SOTS', 'SOTS', 'RESIDE/SOTS', '416.3 MB', 1542, 1, 0,
        '2024-11-12 22:21:07', '2024-11-12 22:21:07', 2, 2),
       (12, 11, '图像去雾', 'indoor', 'SOTS indoor', 'RESIDE/SOTS/indoor', '170 MB', 550,
        1, 0, '2024-11-12 22:21:37', '2024-11-12 22:21:37', 2, 2),
       (13, 11, '图像去雾', 'outdoor', 'SOTS outdoor', 'RESIDE/SOTS/outdoor', '246.3 MB',
        992, 1, 0, '2024-11-12 22:21:57', '2024-11-12 22:21:57', 2, 2),
       (14, 0, '图像去雾', 'RESIDE-6k', 'RESIDE-6k', 'RESIDE-6k', '1.52 GB', 14000, 1, 0,
        '2024-11-12 22:22:42', '2024-11-12 22:22:42', 2, 2),
       (15, 14, '图像去雾', 'RESIDE-6k-train', 'RESIDE-6k', 'RESIDE-6k/train',
        '1,021.78 MB', 12000, 1, 0, '2024-11-12 22:23:05', '2024-11-12 22:23:05', 2, 2),
       (16, 14, '图像去雾', 'RESIDE-6k-test', 'RESIDE-6k', 'RESIDE-6k/test', '532.3 MB',
        2000, 1, 0, '2024-11-12 22:23:16', '2024-11-12 22:23:16', 2, 2),
       (17, 0, '图像去雾', 'RESIDE-IN', 'RESIDE-IN', 'RESIDE-IN', '8.74 GB', 28980, 1, 0,
        '2024-11-12 22:23:48', '2024-11-12 22:23:48', 2, 2),
       (18, 17, '图像去雾', 'RESIDE-IN-train', 'RESIDE-IN', 'RESIDE-IN/train', '8.36 GB',
        27980, 1, 0, '2024-11-12 22:24:10', '2024-11-12 22:24:10', 2, 2),
       (19, 17, '图像去雾', 'RESIDE-IN-test', 'RESIDE-IN', 'RESIDE-IN/test', '392.11 MB',
        1000, 1, 0, '2024-11-12 22:25:09', '2024-11-12 22:25:09', 2, 2),
       (20, 0, '图像去雾', 'RESIDE-OUT', 'RESIDE-OUT', 'RESIDE-OUT', '83.03 GB', 628480, 1,
        0, '2024-11-12 22:26:09', '2024-11-12 22:26:09', 2, 2),
       (21, 20, '图像去雾', 'RESIDE-OUT-train', 'RESIDE-OUT', 'RESIDE-OUT/train',
        '82.89 GB', 627480, 1, 0, '2024-11-12 22:26:47', '2024-11-12 22:26:47', 2, 2),
       (22, 20, '图像去雾', 'RESIDE-OUT-test', 'RESIDE-OUT', 'RESIDE-OUT/test', '140.19 MB',
        1000, 1, 0, '2024-11-12 22:27:08', '2024-11-12 22:27:08', 2, 2),
       (23, 0, '图像去雾', 'RSHAZE', 'REHAZE', 'RSHAZE', '40.41 GB', 108000, 1, 0,
        '2024-11-12 22:28:28', '2024-11-12 22:28:28', 2, 2),
       (24, 23, '图像去雾', 'RSHAZE-train', 'REHAZE', 'RSHAZE/train', '38.39 GB', 102600, 1,
        0, '2024-11-12 22:28:47', '2024-11-12 22:28:47', 2, 2),
       (25, 23, '图像去雾', 'RSHAZE-test', 'REHAZE', 'RSHAZE/test', '2.02 GB', 5400, 1, 0,
        '2024-11-12 22:28:54', '2024-11-12 22:28:54', 2, 2);

DROP TABLE IF EXISTS `sys_file`;
CREATE TABLE `sys_file`
(
                            `id` int NOT NULL AUTO_INCREMENT COMMENT '文件id',
                            `type` varchar(100) CHARACTER SET utf8mb4 COLLATE utf8mb4_0900_ai_ci          DEFAULT NULL COMMENT '文件类型',
                            `url` TEXT CHARACTER SET utf8mb4 COLLATE utf8mb4_0900_ai_ci DEFAULT NULL COMMENT '文件url',
                            `name` varchar(100) CHARACTER SET utf8mb4 COLLATE utf8mb4_0900_ai_ci NOT NULL COMMENT '文件原始名',
                            `object_name` varchar(100) CHARACTER SET utf8mb4 COLLATE utf8mb4_0900_ai_ci NOT NULL COMMENT '文件存储名',
                            `size` varchar(100)                                                  NOT NULL DEFAULT '0' COMMENT '文件大小',
                            `path` varchar(255) CHARACTER SET utf8mb4 COLLATE utf8mb4_0900_ai_ci NOT NULL COMMENT '文件路径',
                            `md5` char(32) unique NOT NULL COMMENT '文件的MD5值，用于比对文件是否相同',
                            `create_time` datetime NOT NULL COMMENT '创建时间',
                            `update_time` datetime DEFAULT NULL COMMENT '更新时间',
                            PRIMARY KEY (`id`) USING BTREE,
                            UNIQUE INDEX `md5_key`(`md5` ASC) USING BTREE
) ENGINE = InnoDB
  DEFAULT CHARSET = utf8mb4
  COLLATE = utf8mb4_0900_ai_ci
  ROW_FORMAT = DYNAMIC COMMENT ='文件表';

DROP TABLE IF EXISTS `sys_algorithm`;
CREATE TABLE `sys_algorithm`
(
                             `id` bigint NOT NULL AUTO_INCREMENT COMMENT '模型id',
                             `parent_id` bigint DEFAULT 0 COMMENT '模型的父id',
                             `type`        varchar(100)     DEFAULT '' COMMENT '模型类型',
                             `name`        varchar(64) NOT NULL COMMENT '模型名称',
                             `path`        varchar(255)     DEFAULT '' COMMENT '模型存储路径',
                             `size` varchar(100) DEFAULT NULL COMMENT '模型大小',
                             `import_path` varchar(255)     DEFAULT NULL COMMENT '模型代码导入路径',
                             `description` varchar(2048) DEFAULT NULL COMMENT '针对该模型的详细描述',
                             `status`      tinyint(1)       DEFAULT 1 COMMENT '状态(1:启用；0:禁用)',
                             `create_time` datetime DEFAULT NULL COMMENT '创建时间',
                             `update_time` datetime         DEFAULT NULL COMMENT '更新时间',
                             `create_by`   bigint      NULL DEFAULT NULL COMMENT '创建人ID',
                             `update_by`   bigint      NULL DEFAULT NULL COMMENT '修改人ID',
                             PRIMARY KEY (`id`) USING BTREE
) ENGINE = InnoDB
  DEFAULT CHARSET = utf8mb4
  COLLATE = utf8mb4_0900_ai_ci
  ROW_FORMAT = DYNAMIC COMMENT ='算法模型表';

insert into sys_algorithm (id, parent_id, type, name, path, size, import_path, description, status, create_time,
                           update_time, create_by, update_by)
values (1, 0, '图像去雾', 'AECR-NET',
        'AECR-Net/NH_train.pk', '35.1 MB',
        'algorithm.AECRNet.run',
        'AECRNet 是一种深度学习模型，专门用于图像去雾任务。该模型由清华大学和微软亚洲研究院的研究人员在2019年提出，旨在解决传统去雾方法中存在的边缘模糊和细节丢失问题。AECRNet 通过引入对抗生成网络（GAN）和边缘保持机制，实现了高质量的去雾效果。',
        1, '2024-11-11 20:00:28', '2024-11-11 20:00:28', 2, 2),
       (2, 0, '图像去雾', 'AODNet', 'AODNet/dehazer.pth',
        '8.41 KB', 'algorithm.AODNet.run',
        'AODNet (All-in-One Dehazing Network) 是一种用于图像去雾的深度学习模型，由Yuan et al. 在2018年提出。传统的图像去雾方法通常依赖于大气散射模型以及一些先验知识，如暗通道先验等，这些方法虽然在某些情况下能够取得较好的效果，但是往往计算复杂度较高，且对于不同的环境条件适应性较差。AODNet旨在解决这些问题，提供一个更加高效和鲁棒的解决方案。',
        1, '2024-11-11 23:52:37', '2024-11-11 23:52:37', 2, 2),
       (3, 0, '图像去雾', 'C2PNet', 'C2PNet/ITS.pkl',
        '35.98 MB', 'algorithm.C2PNet.run',
        'C2PNet（Cycle-to-Point Network）是一种用于图像去雾的深度学习模型。该模型设计的目的在于解决传统去雾算法中存在的问题，如色彩失真、细节损失等，并且能够有效地处理复杂多变的自然场景中的雾霾问题。',
        1, '2024-11-12 22:51:50', '2024-11-12 22:51:50', 2, 2),
       (4, 3, '图像去雾', '室内去雾（ITS）',
        'C2PNet/ITS.pkl', '35.98 MB',
        'algorithm.C2PNet.run',
        'C2PNet（Cycle-to-Point Network）是一种用于图像去雾的深度学习模型。该模型设计的目的在于解决传统去雾算法中存在的问题，如色彩失真、细节损失等，并且能够有效地处理复杂多变的自然场景中的雾霾问题。',
        1, '2024-11-12 22:52:15', '2024-11-12 22:52:15', 2, 2),
       (5, 3, '图像去雾', '室外去雾（OTS）',
        'C2PNet/OTS.pkl', '39.51 MB',
        'algorithm.C2PNet.run',
        'C2PNet（Cycle-to-Point Network）是一种用于图像去雾的深度学习模型。该模型设计的目的在于解决传统去雾算法中存在的问题，如色彩失真、细节损失等，并且能够有效地处理复杂多变的自然场景中的雾霾问题。',
        1, '2024-11-12 22:52:25', '2024-11-12 22:52:25', 2, 2),
       (6, 0, '图像去雾', 'CMFNet', 'CMFNet', null,
        'algorithm.CMFNet.run',
        'CMFNet（Compound Multi-branch Feature Fusion Network）是一种基于深度学习的图像恢复模型，旨在解决图像去雾、去模糊等多个图像恢复任务。该模型的设计灵感来源于人类视觉系统，特别是视网膜神经节细胞（RGCs），它由三种不同类型的细胞组成：P-cells、K-cells和M-cells，每种细胞对外部刺激有着不同的敏感度。CMFNet模仿这种生物机制，构建了一个多分支的网络架构，以适应不同类型图像退化的处理需求',
        1, '2024-11-13 11:30:00', '2024-11-13 11:30:00', 2, 2),
       (7, 6, '图像去雾', '去雾模型',
        'CMFNet/dehaze_I_OHaze_CMFNet.pth', '197.53 MB',
        'algorithm.CMFNet.run',
        'CMFNet（Compound Multi-branch Feature Fusion Network）是一种基于深度学习的图像恢复模型，旨在解决图像去雾、去模糊等多个图像恢复任务。该模型的设计灵感来源于人类视觉系统，特别是视网膜神经节细胞（RGCs），它由三种不同类型的细胞组成：P-cells、K-cells和M-cells，每种细胞对外部刺激有着不同的敏感度。CMFNet模仿这种生物机制，构建了一个多分支的网络架构，以适应不同类型图像退化的处理需求',
        1, '2024-11-13 11:30:16', '2024-11-13 11:30:16', 2, 2),
       (8, 6, '图像去模糊', '去模糊模型',
        'CMFNet/deblur_GoPro_CMFNet.pth', '197.53 MB',
        'algorithm.CMFNet.run',
        'CMFNet（Compound Multi-branch Feature Fusion Network）是一种基于深度学习的图像恢复模型，旨在解决图像去雾、去模糊等多个图像恢复任务。该模型的设计灵感来源于人类视觉系统，特别是视网膜神经节细胞（RGCs），它由三种不同类型的细胞组成：P-cells、K-cells和M-cells，每种细胞对外部刺激有着不同的敏感度。CMFNet模仿这种生物机制，构建了一个多分支的网络架构，以适应不同类型图像退化的处理需求',
        1, '2024-11-13 11:30:26', '2024-11-13 11:30:26', 2, 2),
       (9, 6, '图像去雨', '去雨模型',
        'CMFNet/deraindrop_DeRainDrop_CMFNet.pth',
        '197.53 MB', 'algorithm.CMFNet.run',
        'CMFNet（Compound Multi-branch Feature Fusion Network）是一种基于深度学习的图像恢复模型，旨在解决图像去雾、去模糊等多个图像恢复任务。该模型的设计灵感来源于人类视觉系统，特别是视网膜神经节细胞（RGCs），它由三种不同类型的细胞组成：P-cells、K-cells和M-cells，每种细胞对外部刺激有着不同的敏感度。CMFNet模仿这种生物机制，构建了一个多分支的网络架构，以适应不同类型图像退化的处理需求',
        1, '2024-11-13 11:30:33', '2024-11-13 11:30:33', 2, 2),
       (10, 0, '图像去雾', 'D4',
        'D4/weights_reconstruct.pth', '88.16 MB',
        'algorithm.D4.run', '', 1, '2024-11-13 12:39:45', '2024-11-13 12:39:45', 2, 2),
       (11, 0, '图像去雾', 'DaclipUir',
        'daclip-uir/daclip_ViT-B-32.pt', '1.62 GB',
        'algorithm.DaclipUir.run',
        'DaclipUir 是一种先进的图像去雾模型，它结合了深度学习与物理模型，通过优化图像的对比度和色彩，有效去除雾霾，提高图像的清晰度。该模型特别注重保留图像的细节和自然度，适用于多种场景下的图像去雾任务',
        1, '2024-11-13 12:39:54', '2024-11-13 12:39:54', 2, 2),
       (12, 0, '图像去雾', 'DCPDN',
        'DCPDN/netG_epoch_8.pth', '255.55 MB',
        'algorithm.DCPDN.run',
        'DCPDN 是一种基于深度学习的图像去雾方法，通过大气散射模型和密集连接的编码器-解码器结构，估计透射率图并进行去雾。该模型利用多级金字塔池化模块，提高了透射率估计的准确性，从而改善了去雾效果',
        1, '2024-11-13 12:40:03', '2024-11-13 12:40:03', 2, 2),
       (13, 0, '图像去雾', 'DCP', '/', null,
        'algorithm.DCP.run',
        'DCP 是由何凯明等人在2009年提出的经典去雾算法，基于暗原色先验理论。该算法假设无雾图像的局部区域中至少有一个颜色通道的亮度值非常低。通过估计大气光和透射率，DCP 能够有效地去除图像中的雾霾，恢复图像的清晰度',
        1, '2024-11-13 12:40:13', '2024-11-13 12:40:13', 2, 2),
       (14, 0, '图像去雾', 'DEANet', 'DEA-Net', null,
        'algorithm.DEANet.run',
        ' DEANet 是一种用于单幅图像去雾的深度学习网络，结合了细节增强卷积（DEConv）和内容引导注意力（CGA）机制。DEConv 通过并行的普通卷积和差异卷积增强特征表示，CGA 则通过生成粗略的空间注意力图并进行细化，提高模型对图像细节的保留能力',
        1, '2024-11-13 12:40:20', '2024-11-13 12:40:20', 2, 2),
       (15, 14, '图像去雾', 'HAZE4k模型',
        'DEA-Net/HAZE4K/PSNR3426_SSIM9885.pth', '14 MB',
        'algorithm.DEANet.run',
        ' DEANet 是一种用于单幅图像去雾的深度学习网络，结合了细节增强卷积（DEConv）和内容引导注意力（CGA）机制。DEConv 通过并行的普通卷积和差异卷积增强特征表示，CGA 则通过生成粗略的空间注意力图并进行细化，提高模型对图像细节的保留能力',
        1, '2024-11-13 12:40:55', '2024-11-13 12:40:55', 2, 2),
       (16, 14, '图像去雾', 'ITS模型',
        'DEA-Net/ITS/PSNR4131_SSIM9945.pth', '14 MB',
        'algorithm.DEANet.run',
        ' DEANet 是一种用于单幅图像去雾的深度学习网络，结合了细节增强卷积（DEConv）和内容引导注意力（CGA）机制。DEConv 通过并行的普通卷积和差异卷积增强特征表示，CGA 则通过生成粗略的空间注意力图并进行细化，提高模型对图像细节的保留能力',
        1, '2024-11-13 12:41:02', '2024-11-13 12:41:02', 2, 2),
       (17, 14, '图像去雾', 'OTS模型',
        'DEA-Net/OTS/PSNR3659_SSIM9897.pth', '14 MB',
        'algorithm.DEANet.run',
        ' DEANet 是一种用于单幅图像去雾的深度学习网络，结合了细节增强卷积（DEConv）和内容引导注意力（CGA）机制。DEConv 通过并行的普通卷积和差异卷积增强特征表示，CGA 则通过生成粗略的空间注意力图并进行细化，提高模型对图像细节的保留能力',
        1, '2024-11-13 12:41:09', '2024-11-13 12:41:09', 2, 2),
       (18, 0, '图像去雾', 'Dehamer', 'Dehamer', null,
        'algorithm.Dehamer.run',
        'Dehamer 是一种高效的图像去雾模型，通过多尺度特征融合技术和深度卷积网络，增强图像的结构信息。该模型能够在保持图像细节的同时，实现高质量的去雾效果，适用于多种场景下的图像去雾任务',
        1, '2024-11-13 12:41:26', '2024-11-13 12:41:26', 2, 2),
       (19, 18, '图像去雾', 'dense-haze模型',
        'Dehamer/dense/PSNR1662_SSIM05602.pt',
        '511.68 MB', 'algorithm.Dehamer.run',
        'Dehamer 是一种高效的图像去雾模型，通过多尺度特征融合技术和深度卷积网络，增强图像的结构信息。该模型能够在保持图像细节的同时，实现高质量的去雾效果，适用于多种场景下的图像去雾任务',
        1, '2024-11-13 12:41:56', '2024-11-13 12:41:56', 2, 2),
       (20, 18, '图像去雾', 'indoor',
        'Dehamer/indoor/PSNR3663_ssim09881.pt',
        '511.68 MB', 'algorithm.Dehamer.run',
        'Dehamer 是一种高效的图像去雾模型，通过多尺度特征融合技术和深度卷积网络，增强图像的结构信息。该模型能够在保持图像细节的同时，实现高质量的去雾效果，适用于多种场景下的图像去雾任务',
        1, '2024-11-13 12:42:02', '2024-11-13 12:42:02', 2, 2),
       (21, 18, '图像去雾', 'NH-HAZE-模型',
        'Dehamer/NH/PSNR2066_SSIM06844.pt', '511.68 MB',
        'algorithm.Dehamer.run',
        'Dehamer 是一种高效的图像去雾模型，通过多尺度特征融合技术和深度卷积网络，增强图像的结构信息。该模型能够在保持图像细节的同时，实现高质量的去雾效果，适用于多种场景下的图像去雾任务',
        1, '2024-11-13 12:42:10', '2024-11-13 12:42:10', 2, 2),
       (22, 18, '图像去雾', 'outdoor',
        'Dehamer/outdoor/PSNR3518_SSIM09860.pt',
        '511.68 MB', 'algorithm.Dehamer.run',
        'Dehamer 是一种高效的图像去雾模型，通过多尺度特征融合技术和深度卷积网络，增强图像的结构信息。该模型能够在保持图像细节的同时，实现高质量的去雾效果，适用于多种场景下的图像去雾任务',
        1, '2024-11-13 12:42:17', '2024-11-13 12:42:17', 2, 2),
       (23, 0, '图像去雾', 'DehazeFormer', 'DehazeFormer',
        null, 'algorithm.DehazeFormer.run',
        'DehazeFormer 是一种基于 Transformer 架构的图像去雾模型，通过长距离依赖建模，提高了去雾模型的泛化能力和细节保留。该模型在多个去雾数据集上表现出色，尤其是在处理复杂场景时，能够有效去除雾霾，恢复图像的清晰度21',
        1, '2024-11-13 12:42:35', '2024-11-13 12:42:35', 2, 2),
       (24, 23, '图像去雾', 'indoor',
        'DehazeFormer/indoor', null,
        'algorithm.DehazeFormer.run',
        'DehazeFormer 是一种基于 Transformer 架构的图像去雾模型，通过长距离依赖建模，提高了去雾模型的泛化能力和细节保留。该模型在多个去雾数据集上表现出色，尤其是在处理复杂场景时，能够有效去除雾霾，恢复图像的清晰度21',
        1, '2024-11-13 12:42:57', '2024-11-13 12:42:57', 2, 2),
       (25, 24, '图像去雾', 'indoor-b',
        'DehazeFormer/indoor/dehazeformer-b.pth',
        '10.71 MB', 'algorithm.DehazeFormer.run',
        'DehazeFormer 是一种基于 Transformer 架构的图像去雾模型，通过长距离依赖建模，提高了去雾模型的泛化能力和细节保留。该模型在多个去雾数据集上表现出色，尤其是在处理复杂场景时，能够有效去除雾霾，恢复图像的清晰度21',
        1, '2024-11-13 12:45:52', '2024-11-13 12:45:52', 2, 2),
       (26, 24, '图像去雾', 'indoor-d',
        'DehazeFormer/indoor/dehazeformer-d.pth',
        '21.22 MB', 'algorithm.DehazeFormer.run',
        'DehazeFormer 是一种基于 Transformer 架构的图像去雾模型，通过长距离依赖建模，提高了去雾模型的泛化能力和细节保留。该模型在多个去雾数据集上表现出色，尤其是在处理复杂场景时，能够有效去除雾霾，恢复图像的清晰度21',
        1, '2024-11-13 12:45:59', '2024-11-13 12:45:59', 2, 2),
       (27, 24, '图像去雾', 'indoor-l',
        'DehazeFormer/indoor/dehazeformer-l.pth',
        '98.22 MB', 'algorithm.DehazeFormer.run',
        'DehazeFormer 是一种基于 Transformer 架构的图像去雾模型，通过长距离依赖建模，提高了去雾模型的泛化能力和细节保留。该模型在多个去雾数据集上表现出色，尤其是在处理复杂场景时，能够有效去除雾霾，恢复图像的清晰度21',
        1, '2024-11-13 12:46:05', '2024-11-13 12:46:05', 2, 2),
       (28, 24, '图像去雾', 'indoor-m',
        'DehazeFormer/indoor/dehazeformer-m.pth',
        '18.51 MB', 'algorithm.DehazeFormer.run',
        'DehazeFormer 是一种基于 Transformer 架构的图像去雾模型，通过长距离依赖建模，提高了去雾模型的泛化能力和细节保留。该模型在多个去雾数据集上表现出色，尤其是在处理复杂场景时，能够有效去除雾霾，恢复图像的清晰度21',
        1, '2024-11-13 12:46:12', '2024-11-13 12:46:12', 2, 2),
       (29, 24, '图像去雾', 'indoor-s',
        'DehazeFormer/indoor/dehazeformer-s.pth',
        '5.46 MB', 'algorithm.DehazeFormer.run',
        'DehazeFormer 是一种基于 Transformer 架构的图像去雾模型，通过长距离依赖建模，提高了去雾模型的泛化能力和细节保留。该模型在多个去雾数据集上表现出色，尤其是在处理复杂场景时，能够有效去除雾霾，恢复图像的清晰度21',
        1, '2024-11-13 12:46:19', '2024-11-13 12:46:19', 2, 2),
       (30, 24, '图像去雾', 'indoor-t',
        'DehazeFormer/indoor/dehazeformer-t.pth',
        '2.9 MB', 'algorithm.DehazeFormer.run',
        'DehazeFormer 是一种基于 Transformer 架构的图像去雾模型，通过长距离依赖建模，提高了去雾模型的泛化能力和细节保留。该模型在多个去雾数据集上表现出色，尤其是在处理复杂场景时，能够有效去除雾霾，恢复图像的清晰度21',
        1, '2024-11-13 12:46:25', '2024-11-13 12:46:25', 2, 2),
       (31, 24, '图像去雾', 'indoor-w',
        'DehazeFormer/indoor/dehazeformer-w.pth',
        '38.06 MB', 'algorithm.DehazeFormer.run',
        'DehazeFormer 是一种基于 Transformer 架构的图像去雾模型，通过长距离依赖建模，提高了去雾模型的泛化能力和细节保留。该模型在多个去雾数据集上表现出色，尤其是在处理复杂场景时，能够有效去除雾霾，恢复图像的清晰度21',
        1, '2024-11-13 12:46:33', '2024-11-13 12:46:33', 2, 2),
       (32, 23, '图像去雾', 'outdoor',
        'DehazeFormer/outdoor', null,
        'algorithm.DehazeFormer.run',
        'DehazeFormer 是一种基于 Transformer 架构的图像去雾模型，通过长距离依赖建模，提高了去雾模型的泛化能力和细节保留。该模型在多个去雾数据集上表现出色，尤其是在处理复杂场景时，能够有效去除雾霾，恢复图像的清晰度21',
        1, '2024-11-13 12:46:44', '2024-11-13 12:46:44', 2, 2),
       (33, 32, '图像去雾', 'outdoor-b',
        'DehazeFormer/outdoor/dehazeformer-b.pth',
        '10.71 MB', 'algorithm.DehazeFormer.run',
        'DehazeFormer 是一种基于 Transformer 架构的图像去雾模型，通过长距离依赖建模，提高了去雾模型的泛化能力和细节保留。该模型在多个去雾数据集上表现出色，尤其是在处理复杂场景时，能够有效去除雾霾，恢复图像的清晰度21',
        1, '2024-11-13 12:51:32', '2024-11-13 12:51:32', 2, 2),
       (34, 32, '图像去雾', 'outdoor-m',
        'DehazeFormer/outdoor/dehazeformer-m.pth',
        '18.51 MB', 'algorithm.DehazeFormer.run',
        'DehazeFormer 是一种基于 Transformer 架构的图像去雾模型，通过长距离依赖建模，提高了去雾模型的泛化能力和细节保留。该模型在多个去雾数据集上表现出色，尤其是在处理复杂场景时，能够有效去除雾霾，恢复图像的清晰度21',
        1, '2024-11-13 12:51:38', '2024-11-13 12:51:38', 2, 2),
       (35, 32, '图像去雾', 'outdoor-s',
        'DehazeFormer/outdoor/dehazeformer-s.pth',
        '5.46 MB', 'algorithm.DehazeFormer.run',
        'DehazeFormer 是一种基于 Transformer 架构的图像去雾模型，通过长距离依赖建模，提高了去雾模型的泛化能力和细节保留。该模型在多个去雾数据集上表现出色，尤其是在处理复杂场景时，能够有效去除雾霾，恢复图像的清晰度21',
        1, '2024-11-13 12:51:44', '2024-11-13 12:51:44', 2, 2),
       (36, 32, '图像去雾', 'outdoor-t',
        'DehazeFormer/outdoor/dehazeformer-t.pth',
        '2.9 MB', 'algorithm.DehazeFormer.run',
        'DehazeFormer 是一种基于 Transformer 架构的图像去雾模型，通过长距离依赖建模，提高了去雾模型的泛化能力和细节保留。该模型在多个去雾数据集上表现出色，尤其是在处理复杂场景时，能够有效去除雾霾，恢复图像的清晰度21',
        1, '2024-11-13 12:51:50', '2024-11-13 12:51:50', 2, 2),
       (37, 23, '图像去雾', 'reside6k',
        'DehazeFormer/reside6k', null,
        'algorithm.DehazeFormer.run',
        'DehazeFormer 是一种基于 Transformer 架构的图像去雾模型，通过长距离依赖建模，提高了去雾模型的泛化能力和细节保留。该模型在多个去雾数据集上表现出色，尤其是在处理复杂场景时，能够有效去除雾霾，恢复图像的清晰度21',
        1, '2024-11-13 12:52:00', '2024-11-13 12:52:00', 2, 2),
       (38, 37, '图像去雾', 'reside6k-b',
        'DehazeFormer/reside6k/dehazeformer-b.pth',
        '10.71 MB', 'algorithm.DehazeFormer.run',
        'DehazeFormer 是一种基于 Transformer 架构的图像去雾模型，通过长距离依赖建模，提高了去雾模型的泛化能力和细节保留。该模型在多个去雾数据集上表现出色，尤其是在处理复杂场景时，能够有效去除雾霾，恢复图像的清晰度21',
        1, '2024-11-13 12:52:13', '2024-11-13 12:52:13', 2, 2),
       (39, 37, '图像去雾', 'reside6k-b',
        'DehazeFormer/reside6k/dehazeformer-b.pth',
        '10.71 MB', 'algorithm.DehazeFormer.run',
        'DehazeFormer 是一种基于 Transformer 架构的图像去雾模型，通过长距离依赖建模，提高了去雾模型的泛化能力和细节保留。该模型在多个去雾数据集上表现出色，尤其是在处理复杂场景时，能够有效去除雾霾，恢复图像的清晰度21',
        1, '2024-11-13 12:52:19', '2024-11-13 12:52:19', 2, 2),
       (40, 37, '图像去雾', 'reside6k-b',
        'DehazeFormer/reside6k/dehazeformer-b.pth',
        '10.71 MB', 'algorithm.DehazeFormer.run',
        'DehazeFormer 是一种基于 Transformer 架构的图像去雾模型，通过长距离依赖建模，提高了去雾模型的泛化能力和细节保留。该模型在多个去雾数据集上表现出色，尤其是在处理复杂场景时，能够有效去除雾霾，恢复图像的清晰度21',
        1, '2024-11-13 12:52:26', '2024-11-13 12:52:26', 2, 2),
       (41, 37, '图像去雾', 'reside6k-b',
        'DehazeFormer/reside6k/dehazeformer-b.pth',
        '10.71 MB', 'algorithm.DehazeFormer.run',
        'DehazeFormer 是一种基于 Transformer 架构的图像去雾模型，通过长距离依赖建模，提高了去雾模型的泛化能力和细节保留。该模型在多个去雾数据集上表现出色，尤其是在处理复杂场景时，能够有效去除雾霾，恢复图像的清晰度21',
        1, '2024-11-13 12:52:34', '2024-11-13 12:52:34', 2, 2),
       (42, 23, '图像去雾', 'rshaze',
        'DehazeFormer/rshaze', null,
        'algorithm.DehazeNet.run',
        'DehazeNet 是早期基于卷积神经网络的图像去雾方法，通过多尺度映射层和非线性回归层，直接从输入图像预测透射率图。该模型结构简单，计算复杂度低，但在去雾效果上仍有提升空间',
        1, '2024-11-13 12:52:50', '2024-11-13 12:52:50', 2, 2),
       (43, 42, '图像去雾', 'rshaze-b',
        'DehazeFormer/rshaze/dehazeformer-b.pth',
        '10.71 MB', 'algorithm.DehazeNet.run',
        'DehazeNet 是早期基于卷积神经网络的图像去雾方法，通过多尺度映射层和非线性回归层，直接从输入图像预测透射率图。该模型结构简单，计算复杂度低，但在去雾效果上仍有提升空间',
        1, '2024-11-13 12:59:58', '2024-11-13 12:59:58', 2, 2),
       (44, 42, '图像去雾', 'rshaze-m',
        'DehazeFormer/rshaze/dehazeformer-m.pth',
        '18.51 MB', 'algorithm.DehazeNet.run',
        'DehazeNet 是早期基于卷积神经网络的图像去雾方法，通过多尺度映射层和非线性回归层，直接从输入图像预测透射率图。该模型结构简单，计算复杂度低，但在去雾效果上仍有提升空间',
        1, '2024-11-13 13:00:05', '2024-11-13 13:00:05', 2, 2),
       (45, 42, '图像去雾', 'rshaze-s',
        'DehazeFormer/rshaze/dehazeformer-s.pth',
        '5.46 MB', 'algorithm.DehazeNet.run',
        'DehazeNet 是早期基于卷积神经网络的图像去雾方法，通过多尺度映射层和非线性回归层，直接从输入图像预测透射率图。该模型结构简单，计算复杂度低，但在去雾效果上仍有提升空间',
        1, '2024-11-13 13:00:18', '2024-11-13 13:00:18', 2, 2),
       (46, 42, '图像去雾', 'rshaze-t',
        'DehazeFormer/rshaze/dehazeformer-t.pth',
        '2.9 MB', 'algorithm.DehazeNet.run',
        'DehazeNet 是早期基于卷积神经网络的图像去雾方法，通过多尺度映射层和非线性回归层，直接从输入图像预测透射率图。该模型结构简单，计算复杂度低，但在去雾效果上仍有提升空间',
        1, '2024-11-13 13:00:25', '2024-11-13 13:00:25', 2, 2),
       (47, 0, '图像去雾', 'FCD',
        'FCD/framework_da_230221_121802_gen.pth',
        '592.75 MB', 'algorithm.FCD.run',
        'FCD 是一种基于全卷积网络的图像去雾方法，通过密集连接的卷积层进行端到端的去雾处理。该模型简化了模型结构，提高了计算效率，适用于实时去雾应用',
        1, '2024-11-13 13:00:33', '2024-11-13 13:00:33', 2, 2),
       (48, 0, '图像去雾', 'FFANet', 'FFA-Net', null,
        'algorithm.FFANet.run',
        'FFANet 是一种端到端的图像去雾模型，通过特征融合和注意力机制，提高了模型对复杂场景的适应能力。该模型在多个数据集上表现出色，特别是在处理薄雾和厚雾区域时，能够有效保留图像细节',
        1, '2024-11-13 13:00:40', '2024-11-13 13:00:40', 2, 2),
       (49, 48, '图像去雾', 'its',
        'FFA-Net/its_train_ffa_3_19.pk', '21.26 MB',
        'algorithm.FFANet.run',
        'FFANet 是一种端到端的图像去雾模型，通过特征融合和注意力机制，提高了模型对复杂场景的适应能力。该模型在多个数据集上表现出色，特别是在处理薄雾和厚雾区域时，能够有效保留图像细节',
        1, '2024-11-13 13:12:54', '2024-11-13 13:12:54', 2, 2),
       (50, 48, '图像去雾', 'ots',
        'FFA-Net/ots_train_ffa_3_19.pk', '25.39 MB',
        'algorithm.FFANet.run',
        'FFANet 是一种端到端的图像去雾模型，通过特征融合和注意力机制，提高了模型对复杂场景的适应能力。该模型在多个数据集上表现出色，特别是在处理薄雾和厚雾区域时，能够有效保留图像细节',
        1, '2024-11-13 13:13:01', '2024-11-13 13:13:01', 2, 2),
       (51, 0, '图像去雾', 'FogRemoval',
        'FogRemoval/NH-HAZE_params_0100000.pt',
        '512.01 MB', 'algorithm.FogRemoval.run',
        'FogRemoval 是一种多阶段的图像去雾方法，通过逐步优化图像质量，实现自然的去雾效果。该模型结合了物理模型和深度学习，能够在不同光照条件下有效去除雾霾，恢复图像的清晰度',
        1, '2024-11-13 13:13:11', '2024-11-13 13:13:11', 2, 2),
       (52, 0, '图像去雾', 'GCANet',
        'GCANet/wacv_gcanet_dehaze.pth', '2.69 MB',
        'algorithm.GCANet.run',
        'GCANet 是一种利用全局上下文模块的图像去雾模型，通过增强模型对全局信息的理解，改善去雾结果。该模型在处理复杂场景时，能够有效保留图像的结构和细节，提高去雾效果',
        1, '2024-11-13 13:13:18', '2024-11-13 13:13:18', 2, 2),
       (53, 0, '图像去雾', 'GridDehazeNet',
        'GridDehazeNet', null,
        'algorithm.GridDehazeNet.run',
        'GridDehazeNet 是一种基于网格结构的图像去雾模型，通过引导透射率估计，提高了去雾的精确度。该模型在处理不同尺度的雾霾时，能够有效保持图像的自然度和清晰度',
        1, '2024-11-13 13:13:27', '2024-11-13 13:13:27', 2, 2),
       (54, 53, '图像去雾', 'indoor',
        'GridDehazeNet/indoor_haze_best_3_6', '3.71 MB',
        'algorithm.GridDehazeNet.run',
        'GridDehazeNet 是一种基于网格结构的图像去雾模型，通过引导透射率估计，提高了去雾的精确度。该模型在处理不同尺度的雾霾时，能够有效保持图像的自然度和清晰度',
        1, '2024-11-13 13:13:38', '2024-11-13 13:13:38', 2, 2),
       (55, 53, '图像去雾', 'outdoor',
        'GridDehazeNet/outdoor_haze_best_3_6', '3.71 MB',
        'algorithm.GridDehazeNet.run',
        'GridDehazeNet 是一种基于网格结构的图像去雾模型，通过引导透射率估计，提高了去雾的精确度。该模型在处理不同尺度的雾霾时，能够有效保持图像的自然度和清晰度',
        1, '2024-11-13 13:13:44', '2024-11-13 13:13:44', 2, 2),
       (56, 0, '图像去雾', 'ImgRestorationSde',
        'image-restoration-sde', null,
        'algorithm.ImgRestorationSde.run',
        'ImageRestorationSDE (Image Restoration with Stochastic Differential Equations)是一种将图像去雾视为随机微分方程求解过程的模型，通过优化图像的恢复过程，实现高质量的去雾效果。该模型在处理复杂场景时，能够有效去除雾霾，恢复图像的清晰度',
        1, '2024-11-13 13:13:52', '2024-11-13 13:13:52', 2, 2),
       (57, 56, '图像去模糊', 'deblurring',
        'image-restoration-sde/deblurring/ir-sde-deblurring.pth',
        '523.23 MB', 'algorithm.ImgRestorationSde.run',
        'ImageRestorationSDE (Image Restoration with Stochastic Differential Equations)是一种将图像去雾视为随机微分方程求解过程的模型，通过优化图像的恢复过程，实现高质量的去雾效果。该模型在处理复杂场景时，能够有效去除雾霾，恢复图像的清晰度',
        1, '2024-11-13 13:22:32', '2024-11-13 13:22:32', 2, 2),
       (58, 56, '图像去噪', 'denoising',
        'image-restoration-sde/denoising/ir-sde-denoising.pth',
        '523.19 MB', 'algorithm.ImgRestorationSde.run',
        'ImageRestorationSDE (Image Restoration with Stochastic Differential Equations)是一种将图像去雾视为随机微分方程求解过程的模型，通过优化图像的恢复过程，实现高质量的去雾效果。该模型在处理复杂场景时，能够有效去除雾霾，恢复图像的清晰度',
        1, '2024-11-13 13:22:39', '2024-11-13 13:22:39', 2, 2),
       (59, 56, '图像去雨', 'deraining',
        'image-restoration-sde/deraining', null,
        'algorithm.ImgRestorationSde.run',
        'ImageRestorationSDE (Image Restoration with Stochastic Differential Equations)是一种将图像去雾视为随机微分方程求解过程的模型，通过优化图像的恢复过程，实现高质量的去雾效果。该模型在处理复杂场景时，能够有效去除雾霾，恢复图像的清晰度',
        1, '2024-11-13 13:22:46', '2024-11-13 13:22:46', 2, 2),
       (60, 59, '图像去雨', 'deraining-H100',
        'image-restoration-sde/deraining/ir-sde-derainH100.pth',
        '523.23 MB', 'algorithm.ImgRestorationSde.run',
        'ImageRestorationSDE (Image Restoration with Stochastic Differential Equations)是一种将图像去雾视为随机微分方程求解过程的模型，通过优化图像的恢复过程，实现高质量的去雾效果。该模型在处理复杂场景时，能够有效去除雾霾，恢复图像的清晰度',
        1, '2024-11-13 13:22:55', '2024-11-13 13:22:55', 2, 2),
       (61, 59, '图像去雨', 'deraining-L100',
        'image-restoration-sde/deraining/ir-sde-derainL100.pth',
        '523.23 MB', 'algorithm.ImgRestorationSde.run',
        'ImageRestorationSDE (Image Restoration with Stochastic Differential Equations)是一种将图像去雾视为随机微分方程求解过程的模型，通过优化图像的恢复过程，实现高质量的去雾效果。该模型在处理复杂场景时，能够有效去除雾霾，恢复图像的清晰度',
        1, '2024-11-13 13:23:01', '2024-11-13 13:23:01', 2, 2),
       (62, 0, '图像去雾', 'ITBDehaze',
        'ITBdehaze/best.pkl', '423.84 MB',
        'algorithm.ITBDehaze.run',
        'ITBDehaze (Image Texture and Boundary Dehazing)是一种利用图像的纹理和边界信息的图像去雾模型，通过多尺度处理增强去雾效果。该模型在处理不同类型的雾霾时，能够有效保留图像的细节和自然度24',
        1, '2024-11-13 13:23:09', '2024-11-13 13:23:09', 2, 2),
       (63, 0, '图像去雾', 'LightDehazeNet',
        'LightDehazeNet/trained_LDNet.pth', '122.61 KB',
        'algorithm.LightDehazeNet.run',
        'LightDehazeNet 是一种轻量级的图像去雾模型，适用于移动设备上的实时去雾应用。该模型通过优化网络结构，减少了计算复杂度，同时保持了较高的去雾效果',
        1, '2024-11-13 13:23:15', '2024-11-13 13:23:15', 2, 2),
       (64, 0, '图像去雾', 'LKDNet', 'LKDNet', null,
        'algorithm.LKDNet.run',
        'LKDNet (Local and Global Knowledge Distillation Network): LKDNet 是一种通过局部和全局特征的结合，提高模型鲁棒性和泛化能力的图像去雾模型。该模型在处理复杂场景时，能够有效去除雾霾，恢复图像的清晰度。',
        1, '2024-11-13 13:23:22', '2024-11-13 13:23:22', 2, 2),
       (65, 64, '图像去雾', 'ITS', 'LKDNet/ITS', null,
        'algorithm.LKDNet.run',
        'LKDNet (Local and Global Knowledge Distillation Network): LKDNet 是一种通过局部和全局特征的结合，提高模型鲁棒性和泛化能力的图像去雾模型。该模型在处理复杂场景时，能够有效去除雾霾，恢复图像的清晰度。',
        1, '2024-11-13 13:23:29', '2024-11-13 13:23:29', 2, 2),
       (66, 65, '图像去雾', 'ITS-b',
        'LKDNet/ITS/LKD-b/LKD-b.pth', '4.94 MB',
        'algorithm.LKDNet.run',
        'LKDNet (Local and Global Knowledge Distillation Network): LKDNet 是一种通过局部和全局特征的结合，提高模型鲁棒性和泛化能力的图像去雾模型。该模型在处理复杂场景时，能够有效去除雾霾，恢复图像的清晰度。',
        1, '2024-11-13 13:23:47', '2024-11-13 13:23:47', 2, 2),
       (67, 65, '图像去雾', 'ITS-l',
        'LKDNet/ITS/LKD-l/LKD-l.pth', '9.67 MB',
        'algorithm.LKDNet.run',
        'LKDNet (Local and Global Knowledge Distillation Network): LKDNet 是一种通过局部和全局特征的结合，提高模型鲁棒性和泛化能力的图像去雾模型。该模型在处理复杂场景时，能够有效去除雾霾，恢复图像的清晰度。',
        1, '2024-11-13 13:23:53', '2024-11-13 13:23:53', 2, 2),
       (68, 65, '图像去雾', 'ITS-s',
        'LKDNet/ITS/LKD-s/LKD-s.pth', '2.57 MB',
        'algorithm.LKDNet.run',
        'LKDNet (Local and Global Knowledge Distillation Network): LKDNet 是一种通过局部和全局特征的结合，提高模型鲁棒性和泛化能力的图像去雾模型。该模型在处理复杂场景时，能够有效去除雾霾，恢复图像的清晰度。',
        1, '2024-11-13 13:23:58', '2024-11-13 13:23:58', 2, 2),
       (69, 65, '图像去雾', 'ITS-t',
        'LKDNet/ITS/LKD-t/LKD-t.pth', '1.39 MB',
        'algorithm.LKDNet.run',
        'LKDNet (Local and Global Knowledge Distillation Network): LKDNet 是一种通过局部和全局特征的结合，提高模型鲁棒性和泛化能力的图像去雾模型。该模型在处理复杂场景时，能够有效去除雾霾，恢复图像的清晰度。',
        1, '2024-11-13 13:24:08', '2024-11-13 13:24:08', 2, 2),
       (70, 64, '图像去雾', 'OTS', 'LKDNet/OTS', null,
        'algorithm.LKDNet.run',
        'LKDNet (Local and Global Knowledge Distillation Network): LKDNet 是一种通过局部和全局特征的结合，提高模型鲁棒性和泛化能力的图像去雾模型。该模型在处理复杂场景时，能够有效去除雾霾，恢复图像的清晰度。',
        1, '2024-11-13 13:24:15', '2024-11-13 13:24:15', 2, 2),
       (71, 70, '图像去雾', 'OTS-b',
        'LKDNet/OTS/LKD-b/LKD-b.pth', '4.94 MB',
        'algorithm.LKDNet.run',
        'LKDNet (Local and Global Knowledge Distillation Network): LKDNet 是一种通过局部和全局特征的结合，提高模型鲁棒性和泛化能力的图像去雾模型。该模型在处理复杂场景时，能够有效去除雾霾，恢复图像的清晰度。',
        1, '2024-11-13 13:24:21', '2024-11-13 13:24:21', 2, 2),
       (72, 70, '图像去雾', 'OTS-l',
        'LKDNet/OTS/LKD-l/LKD-l.pth', '9.67 MB',
        'algorithm.LKDNet.run',
        'LKDNet (Local and Global Knowledge Distillation Network): LKDNet 是一种通过局部和全局特征的结合，提高模型鲁棒性和泛化能力的图像去雾模型。该模型在处理复杂场景时，能够有效去除雾霾，恢复图像的清晰度。',
        1, '2024-11-13 13:24:27', '2024-11-13 13:24:27', 2, 2),
       (73, 70, '图像去雾', 'OTS-s',
        'LKDNet/OTS/LKD-s/LKD-s.pth', '2.57 MB',
        'algorithm.LKDNet.run',
        'LKDNet (Local and Global Knowledge Distillation Network): LKDNet 是一种通过局部和全局特征的结合，提高模型鲁棒性和泛化能力的图像去雾模型。该模型在处理复杂场景时，能够有效去除雾霾，恢复图像的清晰度。',
        1, '2024-11-13 13:24:35', '2024-11-13 13:24:35', 2, 2),
       (74, 70, '图像去雾', 'OTS-t',
        'LKDNet/OTS/LKD-t/LKD-t.pth', '1.39 MB',
        'algorithm.LKDNet.run',
        'LKDNet (Local and Global Knowledge Distillation Network): LKDNet 是一种通过局部和全局特征的结合，提高模型鲁棒性和泛化能力的图像去雾模型。该模型在处理复杂场景时，能够有效去除雾霾，恢复图像的清晰度。',
        1, '2024-11-13 13:24:41', '2024-11-13 13:24:41', 2, 2),
       (75, 0, '图像去雾', 'MADN', 'MADN/model.pth',
        '2.13 MB', 'algorithm.MADN.run',
        'MADN (Multi-Adversarial Domain Network): MADN 是一种基于多对抗域网络的图像去雾模型，通过域适应技术，提高了模型对不同场景的适应能力。该模型在处理真实世界中的雾霾图像时，能够有效去除雾霾，恢复图像的清晰度',
        1, '2024-11-13 13:24:50', '2024-11-13 13:24:50', 2, 2),
       (76, 0, '图像去雾', 'MB-TaylorFormer',
        'MB-TaylorFormer', null,
        'algorithm.MB-TaylorFormer.run',
        'MB-TaylorFormer 是一种基于泰勒展开和 Transformer 的图像去雾模型，通过精确建模大气散射过程，实现高质量的去雾效果。该模型在多个数据集上表现出色，特别是在处理复杂场景时，能够有效去除雾霾，恢复图像的清晰度',
        1, '2024-11-13 13:24:57', '2024-11-13 13:24:57', 2, 2),
       (77, 76, '图像去雾', 'dense-haze',
        'MB-TaylorFormer', null,
        'algorithm.MB-TaylorFormer.run',
        'MB-TaylorFormer 是一种基于泰勒展开和 Transformer 的图像去雾模型，通过精确建模大气散射过程，实现高质量的去雾效果。该模型在多个数据集上表现出色，特别是在处理复杂场景时，能够有效去除雾霾，恢复图像的清晰度',
        1, '2024-11-13 13:28:22', '2024-11-13 13:28:22', 2, 2),
       (78, 77, '图像去雾', 'dense-haze-b',
        'MB-TaylorFormer/densehaze-MB-TaylorFormer-B.pth',
        '10.49 MB', 'algorithm.MB-TaylorFormer.run',
        'MB-TaylorFormer 是一种基于泰勒展开和 Transformer 的图像去雾模型，通过精确建模大气散射过程，实现高质量的去雾效果。该模型在多个数据集上表现出色，特别是在处理复杂场景时，能够有效去除雾霾，恢复图像的清晰度',
        1, '2024-11-13 13:28:29', '2024-11-13 13:28:29', 2, 2),
       (79, 77, '图像去雾', 'dense-haze-l',
        'MB-TaylorFormer/densehaze-MB-TaylorFormer-L.pth',
        '29.04 MB', 'algorithm.MB-TaylorFormer.run',
        'MB-TaylorFormer 是一种基于泰勒展开和 Transformer 的图像去雾模型，通过精确建模大气散射过程，实现高质量的去雾效果。该模型在多个数据集上表现出色，特别是在处理复杂场景时，能够有效去除雾霾，恢复图像的清晰度',
        1, '2024-11-13 13:28:36', '2024-11-13 13:28:36', 2, 2),
       (80, 76, '图像去雾', 'its',
        'MB-TaylorFormer/ITS-MB-TaylorFormer-L.pth',
        '29.04 MB', 'algorithm.MB-TaylorFormer.run',
        'MB-TaylorFormer 是一种基于泰勒展开和 Transformer 的图像去雾模型，通过精确建模大气散射过程，实现高质量的去雾效果。该模型在多个数据集上表现出色，特别是在处理复杂场景时，能够有效去除雾霾，恢复图像的清晰度',
        1, '2024-11-13 13:28:43', '2024-11-13 13:28:43', 2, 2),
       (81, 76, '图像去雾', 'ohaze',
        'MB-TaylorFormer/ohaze-MB-TaylorFormer-B.pth',
        '10.49 MB', 'algorithm.MB-TaylorFormer.run',
        'MB-TaylorFormer 是一种基于泰勒展开和 Transformer 的图像去雾模型，通过精确建模大气散射过程，实现高质量的去雾效果。该模型在多个数据集上表现出色，特别是在处理复杂场景时，能够有效去除雾霾，恢复图像的清晰度',
        1, '2024-11-13 13:28:49', '2024-11-13 13:28:49', 2, 2),
       (82, 76, '图像去雾', 'ots', 'MB-TaylorFormer',
        null, 'algorithm.MB-TaylorFormer.run',
        'MB-TaylorFormer 是一种基于泰勒展开和 Transformer 的图像去雾模型，通过精确建模大气散射过程，实现高质量的去雾效果。该模型在多个数据集上表现出色，特别是在处理复杂场景时，能够有效去除雾霾，恢复图像的清晰度',
        1, '2024-11-13 13:29:00', '2024-11-13 13:29:00', 2, 2),
       (83, 82, '图像去雾', 'ots-b',
        'MB-TaylorFormer/OTS-MB-TaylorFormer-B.pth',
        '10.51 MB', 'algorithm.MB-TaylorFormer.run',
        'MB-TaylorFormer 是一种基于泰勒展开和 Transformer 的图像去雾模型，通过精确建模大气散射过程，实现高质量的去雾效果。该模型在多个数据集上表现出色，特别是在处理复杂场景时，能够有效去除雾霾，恢复图像的清晰度',
        1, '2024-11-13 13:29:06', '2024-11-13 13:29:06', 2, 2),
       (84, 82, '图像去雾', 'ots-l',
        'MB-TaylorFormer/OTS-MB-TaylorFormer-L.pth',
        '29.04 MB', 'algorithm.MB-TaylorFormer.run',
        'MB-TaylorFormer 是一种基于泰勒展开和 Transformer 的图像去雾模型，通过精确建模大气散射过程，实现高质量的去雾效果。该模型在多个数据集上表现出色，特别是在处理复杂场景时，能够有效去除雾霾，恢复图像的清晰度',
        1, '2024-11-13 13:29:12', '2024-11-13 13:29:12', 2, 2),
       (85, 0, '图像去雾', 'MixDehazeNet', 'MixDehazeNet',
        null, 'algorithm.MixDehazeNet.run',
        'MixDehazeNet 是一种融合多个去雾模型优点的图像去雾模型，通过集成学习提高去雾效果。该模型在处理不同类型的雾霾时，能够有效保留图像的细节和自然度，适用于多种场景下的图像去雾任务。',
        1, '2024-11-13 13:29:57', '2024-11-13 13:29:57', 2, 2),
       (86, 85, '图像去雾', 'haze4k',
        'MixDehazeNet/haze4k', null,
        'algorithm.MixDehazeNet.run',
        'MixDehazeNet 是一种融合多个去雾模型优点的图像去雾模型，通过集成学习提高去雾效果。该模型在处理不同类型的雾霾时，能够有效保留图像的细节和自然度，适用于多种场景下的图像去雾任务。',
        1, '2024-11-13 14:26:20', '2024-11-13 14:26:20', 2, 2),
       (87, 86, '图像去雾', 'haze4k-l',
        'MixDehazeNet/haze4k/MixDehazeNet-l.pth',
        '143.93 MB', 'algorithm.MixDehazeNet.run',
        'MixDehazeNet 是一种融合多个去雾模型优点的图像去雾模型，通过集成学习提高去雾效果。该模型在处理不同类型的雾霾时，能够有效保留图像的细节和自然度，适用于多种场景下的图像去雾任务。',
        1, '2024-11-13 14:26:47', '2024-11-13 14:26:47', 2, 2),
       (88, 85, '图像去雾', 'indoor',
        'MixDehazeNet/indoor', null,
        'algorithm.MixDehazeNet.run',
        'MixDehazeNet 是一种融合多个去雾模型优点的图像去雾模型，通过集成学习提高去雾效果。该模型在处理不同类型的雾霾时，能够有效保留图像的细节和自然度，适用于多种场景下的图像去雾任务。',
        1, '2024-11-13 14:26:54', '2024-11-13 14:26:54', 2, 2),
       (89, 88, '图像去雾', 'indoor-b',
        'MixDehazeNet/indoor/MixDehazeNet-b.pth',
        '72.44 MB', 'algorithm.MixDehazeNet.run',
        'MixDehazeNet 是一种融合多个去雾模型优点的图像去雾模型，通过集成学习提高去雾效果。该模型在处理不同类型的雾霾时，能够有效保留图像的细节和自然度，适用于多种场景下的图像去雾任务。',
        1, '2024-11-13 14:27:00', '2024-11-13 14:27:00', 2, 2),
       (90, 88, '图像去雾', 'indoor-l',
        'MixDehazeNet/indoor/MixDehazeNet-l.pth',
        '143.93 MB', 'algorithm.MixDehazeNet.run',
        'MixDehazeNet 是一种融合多个去雾模型优点的图像去雾模型，通过集成学习提高去雾效果。该模型在处理不同类型的雾霾时，能够有效保留图像的细节和自然度，适用于多种场景下的图像去雾任务。',
        1, '2024-11-13 14:27:06', '2024-11-13 14:27:06', 2, 2),
       (91, 85, '图像去雾', 'outdoor',
        'MixDehazeNet/outdoor', null,
        'algorithm.MixDehazeNet.run',
        'MixDehazeNet 是一种融合多个去雾模型优点的图像去雾模型，通过集成学习提高去雾效果。该模型在处理不同类型的雾霾时，能够有效保留图像的细节和自然度，适用于多种场景下的图像去雾任务。',
        1, '2024-11-13 14:27:13', '2024-11-13 14:27:13', 2, 2),
       (92, 91, '图像去雾', 'outdoor-b',
        'MixDehazeNet/outdoor/MixDehazeNet-b.pth',
        '72.44 MB', 'algorithm.MixDehazeNet.run',
        'MixDehazeNet 是一种融合多个去雾模型优点的图像去雾模型，通过集成学习提高去雾效果。该模型在处理不同类型的雾霾时，能够有效保留图像的细节和自然度，适用于多种场景下的图像去雾任务。',
        1, '2024-11-13 14:27:26', '2024-11-13 14:27:26', 2, 2),
       (93, 91, '图像去雾', 'outdoor-b',
        'MixDehazeNet/outdoor/MixDehazeNet-l.pth',
        '143.93 MB', 'algorithm.MixDehazeNet.run',
        'MixDehazeNet 是一种融合多个去雾模型优点的图像去雾模型，通过集成学习提高去雾效果。该模型在处理不同类型的雾霾时，能够有效保留图像的细节和自然度，适用于多种场景下的图像去雾任务。',
        1, '2024-11-13 14:27:35', '2024-11-13 14:27:35', 2, 2),
       (94, 91, '图像去雾', 'outdoor-b',
        'MixDehazeNet/outdoor/MixDehazeNet-s.pth',
        '36.69 MB', 'algorithm.MixDehazeNet.run',
        'MixDehazeNet 是一种融合多个去雾模型优点的图像去雾模型，通过集成学习提高去雾效果。该模型在处理不同类型的雾霾时，能够有效保留图像的细节和自然度，适用于多种场景下的图像去雾任务。',
        1, '2024-11-13 14:27:41', '2024-11-13 14:27:41', 2, 2),
       (95, 0, '图像去雾', 'MSFNet', 'MSFNet', null,
        'algorithm.MSFNet.run',
        'MSFNet 是一种多尺度特征融合网络，通过跨尺度信息交换，增强图像细节。该模型在处理不同尺度的雾霾时，能够有效去除雾霾，恢复图像的清晰度，适用于多种场景下的图像去雾任务。',
        1, '2024-11-13 14:27:49', '2024-11-13 14:27:49', 2, 2),
       (96, 95, '图像去雾', 'indoor',
        'MSFNet/indoor.pth', '4.01 MB',
        'algorithm.MSFNet.run',
        'MSFNet 是一种多尺度特征融合网络，通过跨尺度信息交换，增强图像细节。该模型在处理不同尺度的雾霾时，能够有效去除雾霾，恢复图像的清晰度，适用于多种场景下的图像去雾任务。',
        1, '2024-11-13 14:27:58', '2024-11-13 14:27:58', 2, 2),
       (97, 95, '图像去雾', 'outdoor',
        'MSFNet/outdoor.pth', '3.98 MB',
        'algorithm.MSFNet.run',
        'MSFNet 是一种多尺度特征融合网络，通过跨尺度信息交换，增强图像细节。该模型在处理不同尺度的雾霾时，能够有效去除雾霾，恢复图像的清晰度，适用于多种场景下的图像去雾任务。',
        1, '2024-11-13 14:28:04', '2024-11-13 14:28:04', 2, 2),
       (98, 0, '图像去雾', 'PSD', 'PSD', null,
        'algorithm.PSD.run',
        'PSD (Physics-Driven Deep Learning): PSD 是一种物理驱动的深度学习方法，结合物理模型和深度学习，提高去雾精度。该模型在处理复杂场景时，能够有效去除雾霾，恢复图像的清晰度，适用于多种场景下的图像去雾任务。',
        1, '2024-11-13 14:28:10', '2024-11-13 14:28:10', 2, 2),
       (99, 98, '图像去雾', 'PSD-MSBDN', 'PSD/PSB-MSBDN',
        '126.4 MB', 'algorithm.PSD.run',
        'PSD (Physics-Driven Deep Learning): PSD 是一种物理驱动的深度学习方法，结合物理模型和深度学习，提高去雾精度。该模型在处理复杂场景时，能够有效去除雾霾，恢复图像的清晰度，适用于多种场景下的图像去雾任务。',
        1, '2024-11-13 14:28:19', '2024-11-13 14:28:19', 2, 2),
       (100, 98, '图像去雾', 'PSD-FFANET',
        'PSD/PSD-FFANET', '23.84 MB',
        'algorithm.PSD.run',
        'PSD (Physics-Driven Deep Learning): PSD 是一种物理驱动的深度学习方法，结合物理模型和深度学习，提高去雾精度。该模型在处理复杂场景时，能够有效去除雾霾，恢复图像的清晰度，适用于多种场景下的图像去雾任务。',
        1, '2024-11-13 14:28:33', '2024-11-13 14:28:33', 2, 2),
       (101, 98, '图像去雾', 'PSD-GCANET',
        'PSD/PSD-GCANET', '9.23 MB', 'algorithm.PSD.run',
        'PSD (Physics-Driven Deep Learning): PSD 是一种物理驱动的深度学习方法，结合物理模型和深度学习，提高去雾精度。该模型在处理复杂场景时，能够有效去除雾霾，恢复图像的清晰度，适用于多种场景下的图像去雾任务。',
        1, '2024-11-13 14:28:42', '2024-11-13 14:28:42', 2, 2),
       (102, 0, '图像去雾', 'RIDCP',
        'RIDCP/pretrained_RIDCP.pth', '116.41 MB',
        'algorithm.RIDCP.run', '', 1, '2024-11-13 14:28:49', '2024-11-13 14:28:49', 2, 2),
       (103, 0, '图像去雾', 'SCANet', 'SCANet', null,
        'algorithm.SCANet.run',
        'SCANet (Spatial Context Attention Network): SCANet 是一种空间注意网络，通过空间注意力机制优化特征提取，提高去雾质量。该模型在处理复杂场景时，能够有效去除雾霾，恢复图像的清晰度，适用于多种场景下的图像去雾任务。',
        1, '2024-11-13 14:28:56', '2024-11-13 14:28:56', 2, 2),
       (104, 103, '图像去雾', 'SCANet-40',
        'SCANet/Gmodel_40.tar', '27.7 MB',
        'algorithm.SCANet.run',
        'SCANet (Spatial Context Attention Network): SCANet 是一种空间注意网络，通过空间注意力机制优化特征提取，提高去雾质量。该模型在处理复杂场景时，能够有效去除雾霾，恢复图像的清晰度，适用于多种场景下的图像去雾任务。',
        1, '2024-11-13 14:29:05', '2024-11-13 14:29:05', 2, 2),
       (105, 103, '图像去雾', 'SCANet-105',
        'SCANet/Gmodel_105.tar', '27.7 MB',
        'algorithm.SCANet.run',
        'SCANet (Spatial Context Attention Network): SCANet 是一种空间注意网络，通过空间注意力机制优化特征提取，提高去雾质量。该模型在处理复杂场景时，能够有效去除雾霾，恢复图像的清晰度，适用于多种场景下的图像去雾任务。',
        1, '2024-11-13 14:29:11', '2024-11-13 14:29:11', 2, 2),
       (106, 103, '图像去雾', 'SCANet-120',
        'SCANet/Gmodel_120.tar', '27.68 MB',
        'algorithm.SCANet.run',
        'SCANet (Spatial Context Attention Network): SCANet 是一种空间注意网络，通过空间注意力机制优化特征提取，提高去雾质量。该模型在处理复杂场景时，能够有效去除雾霾，恢复图像的清晰度，适用于多种场景下的图像去雾任务。',
        1, '2024-11-13 14:29:16', '2024-11-13 14:29:16', 2, 2),
       (107, 0, '图像去雾', 'SGIDPFF', 'SGID-PFF', null,
        'algorithm.SGIDPFF.run',
        'SGIDPFF (Single Image Dehazing with Heterogeneous Task Imitation): SGIDPFF 是一种通过异构任务模仿技术，提高去雾效果的图像去雾模型。该模型在处理不同类型的雾霾时，能够有效保留图像的细节和自然度，适用于多种场景下的图像去雾任务。',
        1, '2024-11-13 14:29:22', '2024-11-13 14:29:22', 2, 2),
       (108, 107, '图像去雾', 'indoor',
        'SGID-PFF/SOTS_indoor.pt', '52.94 MB',
        'algorithm.SGIDPFF.run',
        'SGIDPFF (Single Image Dehazing with Heterogeneous Task Imitation): SGIDPFF 是一种通过异构任务模仿技术，提高去雾效果的图像去雾模型。该模型在处理不同类型的雾霾时，能够有效保留图像的细节和自然度，适用于多种场景下的图像去雾任务。',
        1, '2024-11-13 14:29:28', '2024-11-13 14:29:28', 2, 2),
       (109, 107, '图像去雾', 'SGIDPFF',
        'SGID-PFF/SOTS_outdoor.pt', '52.94 MB',
        'algorithm.SGIDPFF.run',
        'SGIDPFF (Single Image Dehazing with Heterogeneous Task Imitation): SGIDPFF 是一种通过异构任务模仿技术，提高去雾效果的图像去雾模型。该模型在处理不同类型的雾霾时，能够有效保留图像的细节和自然度，适用于多种场景下的图像去雾任务。',
        1, '2024-11-13 14:29:33', '2024-11-13 14:29:33', 2, 2),
       (110, 0, '图像去雾', 'TSDNet', 'TSDNet/GNet.tar',
        '13.94 MB', 'algorithm.TSDNet.run',
        'TSDNet (Temporal-Spatial-Depth Network): TSDNet 是一种时间-空间-深度联合建模的图像去雾模型，通过优化视频序列的去雾效果，提高视频去雾的连贯性和自然度。该模型在处理视频序列时，能够有效去除雾霾，恢复图像的清晰度，适用于多种场景下的视频去雾任务。',
        1, '2024-11-13 14:29:43', '2024-11-13 14:29:43', 2, 2);

DROP TABLE IF EXISTS `sys_dataset_file`;
CREATE TABLE `sys_dataset_file`
(
    `id`            bigint      NOT NULL AUTO_INCREMENT COMMENT 'id',
    `dataset_id`    bigint      NOT NULL COMMENT '所属数据集id',
    `image_item_id` bigint      NOT NULL COMMENT '所属数据项id',
    `file_id`       bigint      NOT NULL COMMENT '文件id',
    `type`          varchar(64) NOT NULL COMMENT '图片类型（清晰图、雾霾图、分割图等）',
    `thumbnail`     boolean     NOT NULL DEFAULT FALSE COMMENT '是否为缩略图',
    PRIMARY KEY (`id`) USING BTREE
) ENGINE = InnoDB
  DEFAULT CHARSET = utf8mb4
  COLLATE = utf8mb4_0900_ai_ci
  ROW_FORMAT = DYNAMIC COMMENT ='数据集图片关联表';

SET FOREIGN_KEY_CHECKS = 1;

